Turn,Player,PlayerCount,MapWidth,MapHeight,CivId,MetPlayersMask,IsLastPlayer,GDP,Treasury,CoinTier,MonetarySystem,Inflation,Population,Cities,Military,TechsResearched,CultureTotal,TradePartners,CompositeCSI,EraVP,AvgHappiness,Corruption,CrisisType,IndustrialRev,GovernmentType,IncomeTax,IncomeCommercial,IncomeIndustrial,IncomeTileGold,IncomeGoodsEcon,TotalIncome,EffectiveIncome,ExpenseUnits,ExpenseBuildings,TotalExpense,NetFlow,GoodsStockpiled,FoodPerTurn,FamineCities,ScienceDiffusion,CultureDiffusion
1,0,4,80,52,0,1,0,17,0,0,0,0,1,1,0,1,3.15,0,0.584559,0,0.7,0,0,0,0,0,0,0,0,0,0,0,0,0,0,0,3,6,0,0,0
1,1,4,80,52,1,2,0,16,0,0,0,0,1,1,0,1,3.15,0,0.834157,0,0.7,0,0,0,0,0,0,0,0,0,0,0,0,0,0,0,3,7,0,0,0
1,2,4,80,52,2,4,0,45,0,0,0,0,1,1,0,1,3.15,0,0.644083,0,0.7,0,0,0,0,0,0,0,0,0,0,0,0,0,0,0,3,5,0,0,0
1,3,4,80,52,3,8,1,22,0,0,0,0,1,1,0,1,3.15,0,0.555533,0,0.7,0,0,0,0,0,0,0,0,0,0,0,0,0,0,0,3,4,0,0,0
2,0,4,80,52,0,1,0,28,0,0,0,0,1,1,0,1,6.3,0,0.594197,0,0.8,0,0,0,0,0,0,0,0,0,0,0,0,0,0,0,6,6,0,0,0
2,1,4,80,52,1,2,0,26,0,0,0,0,1,1,0,1,6.3,0,0.842579,0,0.8,0,0,0,0,0,0,0,0,0,0,0,0,0,0,0,6,7,0,0,0
2,2,4,80,52,2,4,0,60,0,0,0,0,1,1,0,1,6.3,0,0.626974,0,0.8,0,0,0,0,0,0,0,0,0,0,0,0,0,0,0,6,5,0,0,0
2,3,4,80,52,3,8,1,38,0,0,0,0,1,1,0,1,6.3,0,0.57125,0,0.8,0,0,0,0,0,0,0,0,0,0,0,0,0,0,0,6,4,0,0,0
3,0,4,80,52,0,1,0,39,0,0,0,0,1,1,0,1,9.45,0,0.596055,0,0.9,0,0,0,0,0,0,0,0,0,0,0,0,0,0,0,9,6,0,0,0
3,1,4,80,52,1,2,0,39,0,0,0,0,2,1,0,1,10.5,0,0.866899,0,0.568629,0,0,0,0,0,0,0,0,0,0,0,0,0,0,0,9,8,0,0,0
3,2,4,80,52,2,4,0,72,0,0,0,0,1,1,0,1,9.45,0,0.611946,0,0.9,0,0,0,0,0,0,0,0,0,0,0,0,0,0,0,9,5,0,0,0
3,3,4,80,52,3,8,1,48,0,0,0,0,1,1,0,1,9.45,0,0.565279,0,0.9,0,0,0,0,0,0,0,0,0,0,0,0,0,0,0,9,4,0,0,0
4,0,4,80,52,0,1,0,52,0,0,0,0,2,1,0,1,13.65,0,0.610627,0,0.668629,0,0,0,0,0,0,0,0,0,0,0,0,0,0,0,12,7,0,0,0
4,1,4,80,52,1,2,0,64,0,0,0,0,2,1,0,1,14.7,0,0.881845,0,0.668629,0,0,0,0,0,0,0,0,0,0,0,0,0,0,0,13,8,0,0,0
4,2,4,80,52,2,4,0,84,0,0,0,0,1,1,0,1,12.6,0,0.594152,0,1,0,0,0,0,0,0,0,0,0,0,0,0,0,0,0,12,5,0,0,0
4,3,4,80,52,3,8,1,60,0,0,0,0,1,1,0,1,12.6,0,0.558614,0,1,0,0,0,0,0,0,0,0,0,0,0,0,0,0,0,12,4,0,0,0
5,0,4,80,52,0,1,0,74,0,0,0,0,2,1,0,1,17.85,0,0.620451,0,0.768629,0,0,0,0,0,0,0,0,0,0,0,0,0,0,0,16,7,0,0,0
5,1,4,80,52,1,2,0,78,0,0,0,0,2,1,0,1,18.9,0,0.878757,0,0.768629,0,0,0,0,0,0,0,0,0,0,0,0,0,0,0,17,8,0,0,0
5,2,4,80,52,2,4,0,90,0,0,0,0,2,1,0,1,16.8,0,0.591607,0,0.768629,0,0,0,0,0,0,0,0,0,0,0,0,0,0,0,15,6,0,0,0
5,3,4,80,52,3,8,1,75,0,0,0,0,1,1,0,1,15.75,0,0.559364,0,1.1,0,0,0,0,0,0,0,0,0,0,0,0,0,0,0,15,4,0,0,0
6,0,4,80,52,0,1,0,90,0,0,0,0,2,1,0,1,22.05,0,0.62295,0,0.868629,0,0,0,0,0,0,0,0,0,0,0,0,0,0,0,20,7,0,0,0
6,1,4,80,52,1,2,0,90,0,0,0,0,2,1,0,1,23.1,0,0.876399,0,0.868629,0,0,0,0,0,0,0,0,0,0,0,0,0,0,0,21,8,0,0,0
6,2,4,80,52,2,4,0,96,0,0,0,0,2,1,0,1,21,0,0.580986,0,0.868629,0,0,0,0,0,0,0,0,0,0,0,0,0,0,0,19,6,0,0,0
6,3,4,80,52,3,8,1,90,0,0,0,0,2,1,0,1,19.95,0,0.570697,0,0.768629,0,0,0,0,0,0,0,0,0,0,0,0,0,0,0,18,4,0,0,0
7,0,4,80,52,0,1,0,99,0,0,0,0,2,1,0,1,26.25,0,0.618651,0,0.968629,0,0,0,0,0,0,0,0,0,0,0,0,0,0,0,24,7,0,0,0
7,1,4,80,52,1,2,0,104,0,0,0,0,3,1,0,1,28.35,0,0.891271,0,0.714359,0,0,0,0,0,0,0,0,0,0,0,0,0,0,0,25,8,0,0,0
7,2,4,80,52,2,4,0,115,0,0,0,0,2,1,0,1,25.2,0,0.585255,0,0.968629,0,0,0,0,0,0,0,0,0,0,0,0,0,0,0,23,6,0,0,0
7,3,4,80,52,3,8,1,96,0,0,0,0,2,1,0,1,24.15,0,0.563653,0,0.868629,0,0,0,0,0,0,0,0,0,0,0,0,0,0,0,22,4,0,0,0
8,0,4,80,52,0,1,0,112,0,0,0,0,3,1,0,1,31.5,0,0.602399,0,0.814359,0,0,0,0,0,0,0,0,0,0,0,0,0,0,0,28,7,0,0,0
8,1,4,80,52,1,2,0,117,0,0,0,0,3,1,0,2,33.6,0,0.91832,0,0.814359,0,0,0,0,0,0,0,0,0,0,0,0,0,0,0,29,8,0,0,0
8,2,4,80,52,2,4,0,132,0,0,0,0,2,1,0,2,29.4,0,0.61557,0,1.06863,0,0,0,0,0,0,0,0,0,0,0,0,0,0,0,27,6,0,0,0
8,3,4,80,52,3,8,1,104,0,0,0,0,2,1,0,1,28.35,0,0.530165,0,0.968629,0,0,0,0,0,0,0,0,0,0,0,0,0,0,0,26,4,0,0,0
9,0,4,80,52,0,1,0,124,0,0,0,0,3,1,0,2,36.75,0,0.632969,0,0.914359,0,0,0,0,0,0,0,0,0,0,0,0,0,0,0,31,7,0,0,0
9,1,4,80,52,1,2,0,134,0,0,0,0,3,1,0,2,38.85,0,0.893695,0,0.914359,0,0,0,0,0,0,0,0,0,0,0,0,0,0,0,33,8,0,0,0
9,2,4,80,52,2,4,0,151,0,0,0,0,2,1,0,2,33.6,0,0.587009,0,1.06863,0,0,0,0,0,0,0,0,0,0,0,0,0,0,0,31,6,0,0,0
9,3,4,80,52,3,8,1,120,0,0,0,0,2,1,0,2,32.55,0,0.564448,0,1.06863,0,0,0,0,0,0,0,0,0,0,0,0,0,0,0,30,4,0,0,0
10,0,4,80,52,0,1,0,136,0,0,0,0,3,1,0,2,42,0,0.61173,0,1.01436,0,0,0,0,0,0,0,0,0,0,0,0,0,0,0,34,7,0,0,0
10,1,4,80,52,1,2,0,151,0,0,0,0,3,1,0,2,44.1,0,0.874917,0,1.01436,0,0,0,0,0,0,0,0,0,0,0,0,0,0,0,37,8,0,0,0
10,2,4,80,52,2,4,0,170,0,0,0,0,3,1,0,2,38.85,0,0.577836,0,0.814359,0,0,0,0,0,0,0,0,0,0,0,0,0,0,0,35,6,0,0,0
10,3,4,80,52,3,8,1,136,0,0,0,0,2,1,1,2,36.75,0,0.613274,0,1.06863,0,0,0,0,0,0,0,0,0,0,0,1,0,1,-1,34,4,0,0,0
11,0,4,80,52,0,1,0,141,0,0,0,0,3,1,0,2,47.25,0,0.603767,0,1.01436,0,0,0,0,0,0,0,0,0,0,0,0,0,0,0,37,7,0,0,0
11,1,4,80,52,1,2,0,160,0,0,0,0,4,1,0,2,50.4,0,0.881884,0,0.8,0,0,0,0,0,0,0,0,0,0,0,0,0,0,0,41,9,0,0,0
11,2,4,80,52,2,4,0,187,0,0,0,0,3,1,0,2,44.1,0,0.579576,0,0.914359,0,0,0,0,0,0,0,0,0,0,0,0,0,0,0,39,6,0,0,0
11,3,4,80,52,3,8,1,147,0,0,0,0,2,1,1,2,40.95,0,0.609889,0,1.06863,0,0,0,0,0,0,0,0,0,0,0,1,0,1,-1,38,4,0,0,0
12,0,4,80,52,0,1,0,152,0,0,0,0,3,1,0,2,52.5,0,0.60164,0,1.01436,0,0,0,0,0,0,0,0,0,0,0,0,0,0,0,40,7,0,0,0
12,1,4,80,52,1,2,0,183,0,0,0,0,4,1,0,2,56.7,0,0.923283,0,1.8,0,0,0,0,0,0,0,0,0,0,0,0,0,0,0,46,9,0,0,0
12,2,4,80,52,2,4,0,205,0,0,0,0,3,1,0,2,49.35,0,0.582432,0,1.01436,0,0,0,0,0,0,0,0,0,0,0,0,0,0,0,43,6,0,0,0
12,3,4,80,52,3,8,1,162,0,0,0,0,2,1,1,2,45.15,0,0.609609,0,1.06863,0,0,0,0,0,0,0,0,0,0,0,1,0,1,-1,42,4,0,0,0
13,0,4,80,52,0,1,0,163,0,0,0,0,3,1,0,2,57.75,0,0.595393,0,1.01436,0,0,0,0,0,0,0,0,0,0,0,0,0,0,0,43,7,0,0,0
13,1,4,80,52,1,2,0,204,0,0,0,0,4,1,0,2,63,0,0.919419,0,1.8,0,0,0,0,0,0,0,0,0,0,0,0,0,0,0,51,9,0,0,0
13,2,4,80,52,2,4,0,223,0,0,0,0,3,1,0,2,54.6,0,0.577235,0,1.01436,0,0,0,0,0,0,0,0,0,0,0,0,0,0,0,47,6,0,0,0
13,3,4,80,52,3,8,1,177,0,0,0,0,3,1,1,2,50.4,0,0.616618,0,0.814359,0,0,0,0,0,0,0,0,0,0,0,1,0,1,-1,46,4,0,0,0
14,0,4,80,52,0,5,0,174,0,0,0,0,4,1,0,2,64.05,0,0.600852,0,0.8,0,0,0,0,0,0,0,0,0,0,0,0,0,0,0,46,8,0,0,0
14,1,4,80,52,1,2,0,226,0,0,0,0,4,1,0,2,69.3,0,0.952658,0,2.8,0,0,0,0,0,0,0,0,0,0,0,0,0,0,0,56,9,0,0,0
14,2,4,80,52,2,5,0,241,0,0,0,0,3,1,0,2,59.85,0,0.571706,0,1.01436,0,0,0,0,0,0,0,0,0,0,0,0,0,0,0,51,6,0,0,0
14,3,4,80,52,3,8,1,197,0,0,0,0,3,1,1,2,55.65,0,0.617768,0,0.914359,0,0,0,0,0,0,0,0,0,0,0,1,0,1,-1,51,4,0,0,0
15,0,4,80,52,0,5,0,201,0,0,0,0,4,1,0,2,70.35,0,0.624668,0,1.8,0,0,0,0,0,0,0,0,0,0,0,0,0,0,0,50,8,0,0,0
15,1,4,80,52,1,2,0,244,0,0,0,0,4,1,0,3,75.6,0,0.968325,0,2.8,0,0,0,0,0,0,0,0,0,0,0,0,0,0,0,61,9,0,0,0
15,2,4,80,52,2,5,0,259,0,0,0,0,3,1,0,3,65.1,0,0.586753,0,1.01436,0,0,0,0,0,0,0,0,0,0,0,0,0,0,0,55,6,0,0,0
15,3,4,80,52,3,8,1,217,0,0,0,0,3,1,1,2,60.9,0,0.604196,0,1.01436,0,0,0,0,0,0,0,0,0,0,0,1,0,1,-1,56,4,0,0,0
16,0,4,80,52,0,5,0,218,0,0,0,0,4,1,0,3,76.65,0,0.650282,0,1.8,0,0,0,0,0,0,0,0,0,0,0,0,0,0,0,54,8,0,0,0
16,1,4,80,52,1,2,0,265,0,0,0,0,4,1,0,3,81.9,0,0.959114,0,2.8,0,0,0,0,0,0,0,0,0,0,0,0,0,0,0,66,9,0,0,0
16,2,4,80,52,2,5,0,277,0,0,0,0,3,1,0,3,70.35,0,0.575905,0,1.01436,0,0,0,0,0,0,0,0,0,0,0,0,0,0,0,59,6,0,0,0
16,3,4,80,52,3,8,1,237,0,0,0,0,3,1,1,2,66.15,0,0.59864,0,1.01436,0,0,0,0,0,0,0,0,0,0,0,1,0,1,-1,61,4,0,0,0
17,0,4,80,52,0,5,0,231,0,0,0,0,4,1,0,3,82.95,0,0.687953,0,2.8,0,0,0,0,0,0,0,0,0,0,0,0,0,0,0,58,8,0,0,0
17,1,4,80,52,1,2,0,269,0,0,0,0,4,1,0,3,88.2,0,0.955322,0,2.8,0,0,0,0,0,0,0,0,0,0,0,0,0,0,0,71,9,0,0,0
17,2,4,80,52,2,5,0,294,0,0,0,0,3,1,0,3,75.6,0,0.576636,0,1.01436,0,0,0,0,0,0,0,0,0,0,0,0,0,0,0,63,6,0,0,0
17,3,4,80,52,3,8,1,257,0,0,0,0,3,1,1,2,71.4,0,0.601264,0,1.01436,0,0,0,0,0,0,0,0,0,0,0,1,0,1,-1,66,4,0,0,0
18,0,4,80,52,0,5,0,242,0,0,0,0,4,1,1,3,89.25,0,0.734547,0,2.8,0,0,0,0,0,0,0,0,0,0,0,1,0,1,-1,62,8,0,0,0
18,1,4,80,52,1,2,0,289,0,0,0,0,4,1,0,3,94.5,0,0.946082,0,2.8,0,0,0,0,0,0,0,0,0,0,0,0,0,0,0,76,9,0,0,0
18,2,4,80,52,2,5,0,312,0,0,0,0,3,1,0,3,80.85,0,0.566274,0,1.01436,0,0,0,0,0,0,0,0,0,0,0,0,0,0,0,67,6,0,0,0
18,3,4,80,52,3,8,1,259,0,0,0,0,3,1,1,2,76.65,0,0.574273,0,1.01436,0,0,0,0,0,0,0,0,0,0,0,1,0,1,-1,71,4,0,0,0
19,0,4,80,52,0,5,0,254,0,0,0,0,4,1,1,3,95.55,0,0.73351,0,2.8,0,0,0,0,0,0,0,0,0,0,0,1,0,1,-1,66,8,0,0,0
19,1,4,80,52,1,2,0,309,0,0,0,0,4,1,0,3,100.8,0,0.946708,0,2.8,0,0,0,0,0,0,0,0,0,0,0,0,0,0,0,81,9,0,0,0
19,2,4,80,52,2,5,0,330,0,0,0,0,3,1,0,3,86.1,0,0.565769,0,1.01436,0,0,0,0,0,0,0,0,0,0,0,0,0,0,0,71,6,0,0,0
19,3,4,80,52,3,8,1,278,0,0,0,0,3,1,1,2,81.9,0,0.575188,0,1.01436,0,0,0,0,0,0,0,0,0,0,0,1,0,1,-1,76,4,0,0,0
20,0,4,80,52,0,5,0,270,0,0,0,0,4,1,1,3,101.85,0,0.733562,0,2.8,0,0,0,0,0,0,0,0,0,0,0,1,0,1,-1,70,8,0,0,0
20,1,4,80,52,1,2,0,329,0,0,0,0,4,1,0,3,107.1,0,0.946936,0,2.8,0,0,0,0,0,0,0,0,0,0,0,0,0,0,0,86,9,0,0,0
20,2,4,80,52,2,5,0,348,0,0,0,0,3,1,0,3,91.35,0,0.564973,0,1.01436,0,0,0,0,0,0,0,0,0,0,0,0,0,0,0,75,6,0,0,0
20,3,4,80,52,3,8,1,297,0,0,0,0,3,1,1,2,87.15,0,0.575705,0,1.01436,0,0,0,0,0,0,0,0,0,0,0,1,0,1,-1,71,4,0,0,0
21,0,4,80,52,0,5,0,279,0,0,0,0,4,1,1,3,108.15,0,0.740406,0,2.8,0,0,0,0,0,0,0,0,0,0,0,1,0,1,-1,74,8,0,0,0
21,1,4,80,52,1,2,0,349,0,0,0,0,4,1,0,3,113.4,0,0.956741,0,2.8,0,0,0,0,0,0,0,0,0,0,0,0,0,0,0,91,9,0,0,0
21,2,4,80,52,2,5,0,366,0,0,0,0,3,1,0,3,96.6,0,0.572539,0,1.01436,0,0,0,0,0,0,0,0,0,0,0,0,0,0,0,79,6,0,0,0
21,3,4,80,52,3,8,1,276,0,0,0,0,2,1,1,2,91.35,0,0.56091,0,1.26863,0,0,0,0,0,0,0,0,0,0,0,1,0,1,-1,76,4,0,0,0
22,0,4,80,52,0,5,0,316,0,0,0,0,4,1,1,3,114.45,0,0.743859,0,2.8,0,0,0,0,0,0,0,0,0,0,0,1,0,1,-1,78,8,0,0,0
22,1,4,80,52,1,2,0,358,0,0,0,0,4,1,0,3,119.7,0,0.950674,0,2.8,0,0,0,0,0,0,0,0,0,0,0,0,0,0,0,96,9,0,0,0
22,2,4,80,52,2,5,0,384,0,0,0,0,3,1,0,3,101.85,0,0.568562,0,1.01436,0,0,0,0,0,0,0,0,0,0,0,0,0,0,0,83,6,0,0,0
22,3,4,80,52,3,8,1,324,0,0,0,0,2,1,1,2,95.55,0,0.567501,0,1.26863,0,0,0,0,0,0,0,0,0,0,0,1,0,1,-1,79,4,0,0,0
23,0,4,80,52,0,5,0,355,0,0,0,0,4,1,1,3,120.75,0,0.738747,0,2.8,0,0,0,2,0,0,0,0,0,0,0,1,0,1,-1,82,8,0,0,0
23,1,4,80,52,1,2,0,377,0,0,0,0,4,1,0,3,126,0,0.939494,0,2.8,0,0,0,2,0,0,0,0,0,0,0,0,0,0,0,101,9,0,0,0
23,2,4,80,52,2,5,0,402,0,0,0,0,3,1,0,4,107.1,0,0.585704,0,1.01436,0,0,0,0,0,0,0,0,0,0,0,0,0,0,0,87,6,0,0,0
23,3,4,80,52,3,8,1,370,0,0,0,0,2,1,1,2,99.75,0,0.566652,0,1.26863,0,0,0,0,0,0,0,0,0,0,0,1,0,1,-1,83,4,0,0,0
24,0,4,80,52,0,5,0,362,0,0,0,0,4,1,1,4,127.05,0,0.763372,0,2.8,0,0,0,2,0,0,0,0,0,0,0,1,0,1,-1,86,8,0,0,0
24,1,4,80,52,1,2,0,396,0,0,0,0,4,1,0,3,132.3,0,0.939922,0,2.8,0,0,0,2,0,0,0,0,0,0,0,0,0,0,0,106,9,0,0,0
24,2,4,80,52,2,5,0,420,0,0,0,0,2,1,0,4,111.3,0,0.570154,0,1.26863,0,0,0,0,0,0,0,0,0,0,0,0,0,0,0,91,6,0,0,0
24,3,4,80,52,3,8,1,388,0,0,0,0,2,1,1,2,103.95,0,0.566774,0,1.26863,0,0,0,0,0,0,0,0,0,0,0,1,0,1,-1,86,4,0,0,0
25,0,4,80,52,0,5,0,378,0,0,0,0,4,1,1,4,133.35,0,0.763766,0,2.8,0,0,0,2,0,0,0,0,0,0,0,1,0,1,-1,90,8,0,0,0
25,1,4,80,52,1,2,0,415,0,0,0,0,4,1,0,3,138.6,0,0.940708,0,2.8,0,0,0,2,0,0,0,0,0,0,0,0,0,0,0,111,9,0,0,0
25,2,4,80,52,2,5,0,435,0,0,0,0,2,1,0,4,115.5,0,0.569769,0,1.26863,0,0,0,0,0,0,0,0,0,0,0,0,0,0,0,95,6,0,0,0
25,3,4,80,52,3,8,1,400,0,0,0,0,2,1,1,2,108.15,0,0.565979,0,1.26863,0,0,0,0,0,0,0,0,0,0,0,1,0,1,-1,90,4,0,0,0
26,0,4,80,52,0,5,0,394,0,0,0,0,4,1,1,4,139.65,0,0.763656,0,2.8,0,0,0,2,0,0,0,0,0,0,0,1,0,1,-1,94,8,0,0,0
26,1,4,80,52,1,2,0,434,0,0,0,0,4,1,0,3,144.9,0,0.940912,0,2.8,0,0,0,2,0,0,0,0,0,0,0,0,0,0,0,116,9,0,0,0
26,2,4,80,52,2,5,0,453,0,0,0,0,2,1,0,4,119.7,0,0.569549,0,1.26863,0,0,0,2,0,0,0,0,0,0,0,0,0,0,0,99,6,0,0,0
26,3,4,80,52,3,8,1,418,0,0,0,0,2,1,1,2,112.35,0,0.566105,0,1.26863,0,0,0,0,0,0,0,0,0,0,0,1,0,1,-1,93,4,0,0,0
27,0,4,80,52,0,5,0,410,0,0,0,0,4,1,1,4,145.95,0,0.763858,0,2.8,0,0,0,2,0,0,0,0,0,0,0,1,0,1,-1,98,8,0,0,0
27,1,4,80,52,1,2,0,453,0,0,0,0,4,1,0,3,151.2,0,0.941435,0,2.8,0,0,0,2,0,0,0,0,0,0,0,0,0,0,0,121,9,0,0,0
27,2,4,80,52,2,5,0,471,0,0,0,0,2,1,0,4,123.9,0,0.569695,0,1.26863,0,0,0,2,0,0,0,0,0,0,0,0,0,0,0,103,6,0,0,0
27,3,4,80,52,3,8,1,430,0,0,0,0,2,1,1,2,116.55,0,0.565234,0,1.26863,0,0,0,0,0,0,0,0,0,0,0,1,0,1,-1,97,4,0,0,0
28,0,4,80,52,0,5,0,426,0,0,0,0,4,1,1,4,152.25,0,0.779394,0,2.8,0,0,0,2,0,0,0,0,0,0,0,1,0,1,-1,102,8,0,0,0
28,1,4,80,52,1,2,0,472,0,0,0,0,4,1,0,4,157.5,0,0.972493,0,2.8,0,0,0,2,0,0,0,0,0,0,0,0,0,0,0,126,9,0,0,0
28,2,4,80,52,2,5,0,489,0,0,0,0,2,1,0,4,128.1,0,0.573469,0,1.26863,0,0,0,2,0,0,0,0,0,0,0,0,0,0,0,107,6,0,0,0
28,3,4,80,52,3,8,1,448,0,0,0,0,2,1,0,2,120.75,0,0.514866,0,1.26863,0,0,0,2,0,0,0,0,0,0,0,0,0,0,0,100,4,0,0,0
29,0,4,80,52,0,5,0,442,0,0,0,0,4,1,1,4,158.55,0,0.767443,0,2.8,0,0,0,2,0,0,0,0,0,0,0,1,0,1,-1,106,8,0,0,0
29,1,4,80,52,1,2,0,491,0,0,0,0,4,1,0,4,163.8,0,0.96082,0,2.8,0,0,0,2,0,0,0,0,0,0,0,0,0,0,0,131,9,0,0,0
29,2,4,80,52,2,5,0,507,0,0,0,0,3,1,0,4,133.35,0,0.576219,0,1.01436,0,0,0,2,0,0,0,0,0,0,0,0,0,0,0,111,6,0,0,0
29,3,4,80,52,3,8,1,460,0,0,0,0,3,1,0,2,126,0,0.516695,0,1.01436,0,0,0,2,0,0,0,0,0,0,0,0,0,0,0,104,4,0,0,0
30,0,4,80,52,0,5,0,458,0,0,0,0,4,1,1,4,164.85,0,0.760313,20,2.8,0,0,0,2,0,0,0,0,0,0,0,1,0,1,-1,110,8,0,0,0
30,1,4,80,52,1,2,0,510,0,0,0,0,4,1,0,4,170.1,0,0.953878,22,2.8,0,0,0,2,0,0,0,0,0,0,0,0,0,0,0,136,9,0,0,0
30,2,4,80,52,2,5,0,528,0,0,0,0,3,1,0,4,138.6,0,0.569536,10,1.01436,0,0,0,2,0,0,0,0,0,0,0,0,0,0,0,115,6,0,0,0
30,3,4,80,52,3,8,1,483,0,0,0,0,3,1,0,3,131.25,0,0.537449,2,1.01436,0,0,0,2,0,0,0,0,0,0,0,0,0,0,0,108,4,0,0,0
31,0,4,80,52,0,5,0,474,0,0,0,0,4,1,1,4,171.15,0,0.783084,20,2.8,0,0,0,2,0,0,0,0,0,0,0,1,0,1,-1,114,8,0,0,0
31,1,4,80,52,1,2,0,529,0,0,0,0,4,1,0,4,176.4,0,0.954058,22,2.8,0,0,0,2,0,0,0,0,0,0,0,0,0,0,0,141,9,0,0,0
31,2,4,80,52,2,5,0,546,0,0,0,0,3,1,0,4,143.85,0,0.586491,10,1.01436,0,0,0,2,0,0,0,0,0,0,0,0,0,0,0,119,6,0,0,0
31,3,4,80,52,3,8,1,500,0,0,0,0,3,1,0,3,136.5,0,0.537433,2,1.01436,0,0,0,2,0,0,0,0,0,0,0,0,0,0,0,113,4,0,0,0
32,0,4,80,52,0,5,0,490,0,0,0,0,4,1,1,4,177.45,1,0.782789,20,2.8,0,0,0,2,0,0,0,0,0,0,0,1,0,1,-1,58,8,0,0,0
32,1,4,80,52,1,2,0,548,0,0,0,0,4,1,0,4,182.7,0,0.953946,22,2.8,0,0,0,2,0,0,0,0,0,0,0,0,0,0,0,146,9,0,0,0
32,2,4,80,52,2,5,0,564,0,0,0,0,3,1,0,4,149.1,0,0.586071,10,1.01436,0,0,0,2,0,0,0,0,0,0,0,0,0,0,0,123,6,0,0,0
32,3,4,80,52,3,8,1,523,0,0,0,0,3,1,0,3,141.75,0,0.53824,2,1.01436,0,0,0,2,0,0,0,0,0,0,0,0,0,0,0,117,4,0,0,0
33,0,4,80,52,0,5,0,257,0,0,0,0,4,1,1,4,183.75,1,0.719686,20,2.8,0,0,0,2,0,0,0,0,0,0,0,1,0,1,-1,72,8,0,0,0
33,1,4,80,52,1,2,0,567,0,0,0,0,4,1,0,4,189,0,0.955171,22,2.8,0,0,0,2,0,0,0,0,0,0,0,0,0,0,0,136,9,0,0,0
33,2,4,80,52,2,5,0,582,0,0,0,0,3,1,1,4,154.35,0,0.647487,10,1.01436,0,0,0,2,0,0,0,0,0,0,0,1,0,1,-1,127,6,0,0,0
33,3,4,80,52,3,8,1,540,0,0,0,0,3,1,0,3,147,0,0.538652,2,1.01436,0,0,0,2,0,0,0,0,0,0,0,0,0,0,0,122,4,0,0,0
34,0,4,80,52,0,5,0,313,0,0,0,0.0127796,4,1,1,4,190.05,1,1.04009,20,2.8,0,0,0,2,0,0,0,0,0,0,0,1,0,1,-1,76,8,0,0,0
34,1,4,80,52,1,2,0,526,0,0,0,0,4,1,0,4,195.3,0,0.642424,22,2.8,0,0,0,2,0,0,0,0,0,0,0,0,0,0,0,141,9,0,0,0
34,2,4,80,52,2,5,0,600,0,0,0,0,3,1,1,4,159.6,0,0.647735,10,1.01436,0,0,0,2,0,0,0,0,0,0,0,1,0,1,-1,131,6,0,0,0
34,3,4,80,52,3,8,1,563,0,0,0,0,3,1,0,3,152.25,0,0.540087,2,1.01436,0,0,0,2,0,0,0,0,0,0,0,0,0,0,0,126,4,0,0,0
35,0,4,80,52,0,5,0,329,0,0,0,0,4,1,1,4,196.35,1,0.704864,20,2.8,0,0,0,2,0,0,0,0,0,0,0,1,0,1,-1,80,8,0,0,0
35,1,4,80,52,1,2,0,545,0,0,0,0,4,1,1,4,201.6,0,0.993938,22,2.8,0,0,0,2,0,0,0,0,0,0,0,1,0,1,-1,146,9,0,0,0
35,2,4,80,52,2,5,0,618,0,0,0,0,3,1,1,4,164.85,0,0.629998,10,1.01436,0,0,0,2,0,0,0,0,0,0,0,1,0,1,-1,135,6,0,0,0
35,3,4,80,52,3,8,1,580,0,0,0,0,3,1,0,3,157.5,0,0.531255,2,1.01436,0,0,0,2,0,0,0,0,0,0,0,0,0,0,0,131,4,0,0,0
36,0,4,80,52,0,5,0,345,0,0,0,0,4,1,0,4,202.65,1,0.662971,20,2.8,0,0,0,2,0,0,0,0,0,0,0,0,0,0,0,84,8,0,0,0
36,1,4,80,52,1,2,0,564,0,0,0,0,4,1,1,4,207.9,0,1.0109,22,2.8,0,0,0,2,0,0,0,0,0,0,0,1,0,1,-1,150,9,0,0,0
36,2,4,80,52,2,5,0,626,0,0,0,0,3,1,1,4,170.1,0,0.644998,10,1.01436,0,0,0,2,0,0,0,0,0,0,0,1,0,1,-1,137,6,0,0,0
36,3,4,80,52,3,8,1,603,0,0,0,0,3,1,0,3,162.75,0,0.540403,2,1.01436,0,0,0,2,0,0,0,0,0,0,0,0,0,0,0,135,4,0,0,0
37,0,4,80,52,0,5,0,361,173,0,0,0,4,1,0,4,208.95,1,0.66423,20,2.8,0,0,0,2,0,0,0,0,0,0,0,0,0,0,0,88,8,0,0,0
37,1,4,80,52,1,2,0,579,0,0,0,0,4,1,1,4,214.2,0,1.01094,22,2.8,0,0,0,2,0,0,0,0,0,0,0,1,0,1,-1,155,9,0,0,0
37,2,4,80,52,2,5,0,634,0,0,0,0,3,1,1,4,175.35,0,0.64348,10,1.01436,0,0,0,2,0,0,0,0,0,0,0,1,0,1,-1,139,6,0,0,0
37,3,4,80,52,3,8,1,620,0,0,0,0,3,1,0,3,168,0,0.540614,2,1.01436,0,0,0,2,0,0,0,0,0,0,0,0,0,0,0,140,4,0,0,0
38,0,4,80,52,0,5,0,377,0,0,0,0,4,1,0,4,215.25,1,0.671133,20,2.8,0,0,0,2,0,0,0,0,0,0,0,0,0,0,0,92,8,0,0,0
38,1,4,80,52,1,2,0,598,0,0,0,0,4,1,1,4,220.5,0,1.01704,22,2.8,0,0,0,2,0,0,0,0,0,0,0,1,0,1,-1,160,9,0,0,0
38,2,4,80,52,2,5,0,642,0,0,0,0,3,1,1,4,180.6,0,0.645981,10,1.01436,0,0,0,2,0,0,0,0,0,0,0,1,0,1,-1,141,6,0,0,0
38,3,4,80,52,3,8,1,643,0,0,0,0,2,1,0,3,172.2,0,0.534809,2,1.26863,0,0,0,2,0,0,0,0,0,0,0,0,0,0,0,144,4,0,0,0
39,0,4,80,52,0,5,0,393,0,0,0,0,4,1,0,4,221.55,1,0.642613,20,2.8,0,0,0,2,0,0,0,0,0,0,0,0,0,0,0,96,8,0,0,0
39,1,4,80,52,1,2,0,617,0,0,0,0,4,1,1,4,226.8,0,0.955241,22,2.8,0,0,0,2,0,0,0,0,0,0,0,1,0,1,-1,164,9,0,0,0
39,2,4,80,52,2,5,0,650,0,0,0,0,3,1,1,4,185.85,0,0.621347,10,1.01436,0,0,0,2,0,0,0,0,0,0,0,1,0,1,-1,143,6,0,0,0
39,3,4,80,52,3,8,1,673,0,0,0,0,3,2,0,3,177.45,0,0.69166,2,2.43431,0,0,0,2,0,0,0,0,0,0,0,0,2,2,-2,149,8,0,0,0
40,0,4,80,52,0,5,0,409,0,0,0,0,4,1,0,4,227.85,1,0.643504,20,2.8,0,0,0,2,0,0,0,0,0,0,0,0,0,0,0,100,8,0,0,0
40,1,4,80,52,1,2,0,632,0,0,0,0,4,1,1,4,233.1,0,0.954974,22,2.8,0,0,0,2,0,0,0,0,0,0,0,1,0,1,-1,171,9,0,0,0
40,2,4,80,52,2,5,0,658,0,0,0,0,3,1,1,4,191.1,0,0.619766,10,1.01436,0,0,0,2,0,0,0,0,0,0,0,1,0,1,-1,145,6,0,0,0
40,3,4,80,52,3,8,1,697,0,0,0,0,3,2,0,3,182.7,0,0.692596,2,2.43431,0,0,0,2,0,0,0,0,0,0,0,0,2,2,-2,163,8,0,0,0
41,0,4,80,52,0,5,0,425,0,0,0,0,4,1,0,4,234.15,1,0.631453,20,2.8,0,0,0,3,0,0,0,0,0,0,0,0,0,0,0,104,8,0,0,0
41,1,4,80,52,1,2,0,674,0,0,0,0,4,1,1,4,239.4,0,0.935064,22,2.8,0,0,0,3,0,0,0,0,0,0,0,1,0,1,-1,176,9,0,0,0
41,2,4,80,52,2,5,0,666,0,0,0,0,3,1,1,4,196.35,0,0.59372,10,1.01436,0,0,0,2,0,0,0,0,0,0,0,1,0,1,-1,147,6,0,0,0
41,3,4,80,52,3,8,1,802,0,0,0,0,3,2,1,3,187.95,0,0.786729,2,3.43431,0,0,0,2,0,0,0,0,0,0,0,1,2,3,-3,168,8,0,0,0
42,0,4,80,52,0,5,0,387,0,0,0,0,4,1,0,4,240.45,1,0.63253,20,2.8,0,0,0,3,0,0,0,0,0,0,0,0,0,0,0,108,8,0,0,0
42,1,4,80,52,1,2,0,747,0,0,0,0,4,1,1,4,245.7,0,0.953612,22,2.8,0,0,0,3,0,0,0,0,0,0,0,1,0,1,-1,178,9,0,0,0
42,2,4,80,52,2,5,0,676,0,0,0,0,2,1,1,4,200.55,0,0.590174,10,1.26863,0,0,0,2,0,0,0,0,0,0,0,1,0,1,-1,107,6,0,0,0
42,3,4,80,52,3,8,1,717,0,0,0,0,3,2,1,3,193.2,0,0.780966,2,3.43431,0,0,0,2,0,0,0,0,0,0,0,1,2,3,-3,162,8,0,0,0
43,0,4,80,52,0,5,0,373,0,0,0,0,4,1,0,4,246.75,1,0.632098,20,2.8,0,0,0,3,0,0,0,0,0,0,0,0,0,0,0,112,8,0,0,0
43,1,4,80,52,1,2,0,771,0,0,0,0,4,1,1,4,252,0,0.967027,22,2.8,0,0,0,3,0,0,0,0,0,0,0,1,0,1,-1,186,9,0,0,0
43,2,4,80,52,2,5,0,451,0,0,0,0,2,1,1,4,204.75,0,0.637231,10,3.26863,0,0,0,2,0,0,0,0,0,0,0,1,0,1,-1,109,6,0,0,0
43,3,4,80,52,3,8,1,636,0,0,0,0,4,2,1,3,199.5,0,0.789661,2,3.26863,0,0,0,2,0,0,0,0,0,0,0,1,2,3,-3,151,8,0,0,0
44,0,4,80,52,0,5,0,444,0,0,0,0,4,1,0,4,253.05,1,0.637932,20,2.8,0,0,0,3,0,0,0,0,0,0,0,0,0,0,0,116,8,0,0,0
44,1,4,80,52,1,2,0,731,0,0,0,0,4,1,1,4,258.3,0,0.952772,22,2.8,0,0,0,3,0,0,0,0,0,0,0,1,0,1,-1,191,9,0,0,0
44,2,4,80,52,2,5,0,475,0,0,0,0,2,1,1,4,208.95,0,0.635943,10,3.26863,0,0,0,2,0,0,0,0,0,0,0,1,0,1,-1,111,6,0,0,0
44,3,4,80,52,3,8,1,616,0,0,0,0,5,2,1,3,206.85,0,0.793198,2,3.14149,0,0,0,2,0,0,0,0,0,0,0,1,2,3,-3,182,8,0,0,0
45,0,4,80,52,0,5,0,545,0,0,0,0,4,1,0,4,259.35,1,0.635799,20,2.8,0,0,0,3,0,0,0,0,0,0,0,0,0,0,0,120,8,0,0,0
45,1,4,80,52,1,2,0,804,0,0,0,0,4,1,1,4,264.6,0,0.936803,22,2.8,0,0,0,3,0,0,0,0,0,0,0,1,0,1,-1,196,9,0,0,0
45,2,4,80,52,2,5,0,549,0,0,0,0,2,1,1,4,213.15,0,0.628939,10,3.26863,0,0,0,2,0,0,0,0,0,0,0,1,0,1,-1,113,6,0,0,0
45,3,4,80,52,3,8,1,962,0,0,0,0,5,2,1,3,214.2,0,0.818037,2,3.14149,0,0,0,2,0,0,0,0,0,0,0,1,2,3,-3,188,8,0,0,0
46,0,4,80,52,0,5,0,501,0,0,0,0,4,1,0,5,265.65,1,0.644106,20,2.8,0,0,0,3,0,0,0,0,0,0,0,0,0,0,0,114,8,0,0,0
46,1,4,80,52,1,2,0,825,0,0,0,0,4,1,1,4,270.9,0,0.933671,22,2.8,0,0,0,3,0,0,0,0,0,0,0,1,0,1,-1,200,9,0,0,0
46,2,4,80,52,2,5,0,543,0,0,0,0,3,1,1,4,218.4,0,0.630669,10,3.01436,0,0,0,2,0,0,0,0,0,0,0,1,0,1,-1,115,6,0,0,0
46,3,4,80,52,3,8,1,870,0,0,0,0,5,2,1,3,221.55,0,0.800616,2,3.14149,0,0,0,2,0,0,0,0,0,0,0,1,2,3,-3,195,8,0,0,0
47,0,4,80,52,0,5,0,445,0,0,0,0,4,1,0,5,271.95,1,0.638465,20,2.8,0,0,0,3,0,0,0,0,0,0,0,0,0,0,0,118,8,0,0,0
47,1,4,80,52,1,2,0,841,0,0,0,0,4,1,1,4,277.2,0,0.940446,22,2.8,0,0,0,3,0,0,0,0,0,0,0,1,0,1,-1,206,9,0,0,0
47,2,4,80,52,2,5,0,544,0,0,0,0,3,1,1,4,223.65,0,0.633829,10,3.01436,0,0,0,2,0,0,0,0,0,0,0,1,0,1,-1,117,6,0,0,0
47,3,4,80,52,3,8,1,808,0,0,0,0,5,2,1,3,228.9,0,0.796249,2,3.14149,0,0,0,2,0,0,0,0,0,0,0,1,2,3,-3,188,8,0,0,0
48,0,4,80,52,0,5,0,491,0,0,0,0,4,1,0,5,278.25,1,0.630955,20,2.8,0,0,0,3,0,0,0,0,0,0,0,0,0,0,0,122,8,0,0,0
48,1,4,80,52,1,2,0,912,0,0,0,0,4,1,1,4,283.5,0,0.93563,22,2.8,0,0,0,3,0,0,0,0,0,0,0,1,0,1,-1,211,9,0,0,0
48,2,4,80,52,2,5,0,585,0,0,0,0,3,1,1,5,228.9,0,0.64809,10,3.01436,0,0,0,2,0,0,0,0,0,0,0,1,0,1,-1,119,6,0,0,0
48,3,4,80,52,3,8,1,760,0,0,0,0,6,2,1,3,237.3,0,0.788513,2,3.01436,0,0,0,3,0,0,0,0,0,0,0,1,2,3,-3,205,8,0,0,0
49,0,4,80,52,0,5,0,479,0,0,0,0,4,1,0,5,284.55,1,0.625443,20,2.8,0,0,0,3,0,0,0,0,0,0,0,0,0,0,0,126,8,0,0,0
49,1,4,80,52,1,2,0,850,0,0,0,0,4,1,1,4,289.8,0,0.92043,22,2.8,0,0,0,3,0,0,0,0,0,0,0,1,0,1,-1,214,9,0,0,0
49,2,4,80,52,2,5,0,640,0,0,0,0,3,1,1,5,234.15,0,0.650975,10,3.01436,0,0,0,3,0,0,0,0,0,0,0,1,0,1,-1,121,6,0,0,0
49,3,4,80,52,3,8,1,938,0,0,0,0,6,2,1,3,245.7,0,0.806263,2,3.01436,0,0,0,3,0,0,0,0,0,0,0,1,2,3,-3,214,8,0,0,0
50,0,4,80,52,0,5,0,424,0,0,0,0,4,1,0,5,290.85,1,0.609293,20,2.8,0,0,0,3,0,0,0,0,0,0,0,0,0,0,0,129,8,0,0,0
50,1,4,80,52,1,2,0,886,0,0,0,0,4,1,1,5,296.1,0,0.939278,22,2.8,0,0,0,3,0,0,0,0,0,0,0,1,0,1,-1,219,9,0,0,0
50,2,4,80,52,2,5,0,633,0,0,0,0,4,1,1,5,240.45,0,0.652422,10,2.8,0,0,0,3,0,0,0,0,0,0,0,1,0,1,-1,123,6,0,0,0
50,3,4,80,52,3,8,1,877,0,0,0,0,6,2,1,3,254.1,0,0.792697,2,3.01436,0,0,0,3,0,0,0,0,0,0,0,1,2,3,-3,220,8,0,0,0
51,0,4,80,52,0,5,0,535,0,0,0,0,4,1,0,5,297.15,1,0.630079,20,2.8,0,0,0,3,0,0,0,0,0,0,0,0,0,0,0,133,8,0,0,0
51,1,4,80,52,1,2,0,911,0,0,0,0,4,1,1,5,302.4,0,0.953581,22,2.8,0,0,0,3,0,0,0,0,0,0,0,1,0,1,-1,225,9,0,0,0
51,2,4,80,52,2,5,0,631,0,0,0,0,4,1,0,5,246.75,0,0.643514,10,3.8,0,0,0,3,0,0,0,0,0,0,0,0,0,0,0,126,6,0,0,0
51,3,4,80,52,3,8,1,856,0,0,0,0,6,2,1,3,262.5,0,0.802577,2,3.01436,0,0,0,3,0,0,0,0,0,0,0,1,2,3,-3,226,8,0,0,0
52,0,4,80,52,0,5,0,551,0,0,0,0,4,1,0,5,303.45,1,0.630662,20,2.8,0,0,0,3,0,0,0,0,0,0,0,0,0,0,0,132,8,0,0.5,0.3
52,1,4,80,52,1,2,0,954,0,0,0,0,4,1,1,5,308.7,0,0.955314,22,2.8,0,0,0,3,0,0,0,0,0,0,0,1,0,1,-1,230,9,0,0,0
52,2,4,80,52,2,5,0,647,0,0,0,0,4,1,0,5,253.05,0,0.643894,10,3.8,0,0,0,3,0,0,0,0,0,0,0,0,0,0,0,129,6,0,0,0
52,3,4,80,52,3,8,1,919,0,0,0,0,5,2,1,3,269.85,0,0.80612,2,3.14149,0,0,0,3,0,0,0,0,0,0,0,1,2,3,-3,234,8,0,0,0
53,0,4,80,52,0,5,0,542,0,0,0,0,4,1,0,5,309.75,1,0.630167,20,2.8,0,0,0,3,0,0,0,0,0,0,0,0,0,0,0,147,8,0,0.5,0.3
53,1,4,80,52,1,2,0,885,0,0,0,0,4,1,1,5,315,0,0.947722,22,2.8,0,0,0,3,0,0,0,0,0,0,0,1,0,1,-1,233,9,0,0,0
53,2,4,80,52,2,5,0,684,0,0,0,0,4,1,0,5,259.35,0,0.686679,10,4.8,0,0,0,3,0,0,0,0,0,0,0,0,0,0,0,132,6,0,0,0
53,3,4,80,52,3,8,1,931,0,0,0,0,5,2,1,3,277.2,0,0.808737,2,3.14149,0,0,0,3,0,0,0,0,0,0,0,1,2,3,-3,244,8,0,0,0
54,0,4,80,52,0,5,0,599,0,0,0,0,4,1,0,5,316.05,1,0.6301,20,2.8,0,0,0,3,0,0,0,0,0,0,0,0,0,0,0,151,8,0,0.5,0.3
54,1,4,80,52,1,2,0,963,0,0,0,0,4,1,1,5,321.3,0,0.947406,22,2.8,0,0,0,3,0,0,0,0,0,0,0,1,0,1,-1,237,9,0,0,0
54,2,4,80,52,2,5,0,693,0,0,0,0,4,1,0,5,265.65,0,0.679581,10,4.8,0,0,0,3,0,0,0,0,0,0,0,0,0,0,0,135,6,0,0,0
54,3,4,80,52,3,8,1,992,0,0,0,0,5,2,1,3,284.55,0,0.81601,2,3.14149,0,0,0,3,0,0,0,0,0,0,0,1,2,3,-3,251,8,0,0,0
55,0,4,80,52,0,5,0,655,0,0,0,0,4,1,0,5,322.35,1,0.63587,20,2.8,0,0,0,3,0,0,0,0,0,0,0,0,0,0,0,155,8,0,0.5,0.3
55,1,4,80,52,1,2,0,983,0,0,0,0,4,1,1,5,327.6,0,0.948219,22,2.8,0,0,0,3,0,0,0,0,0,0,0,1,0,1,-1,243,9,0,0,0
55,2,4,80,52,2,5,0,684,0,0,0,0,4,1,0,5,271.95,0,0.677365,10,4.8,0,0,0,3,0,0,0,0,0,0,0,0,0,0,0,136,6,0,0,0
55,3,4,80,52,3,8,1,969,0,0,0,0,5,2,1,3,291.9,0,0.811747,2,3.14149,0,0,0,3,0,0,0,0,0,0,0,1,2,3,-3,258,8,0,0,0
56,0,4,80,52,0,5,0,671,0,0,0,0,4,1,0,5,328.65,1,0.632432,20,2.8,0,0,0,3,0,0,0,0,0,0,0,0,0,0,0,159,8,0,0.5,0.3
56,1,4,80,52,1,2,0,1028,0,0,0,0,4,1,1,5,333.9,0,0.946734,22,2.8,0,0,0,3,0,0,0,0,0,0,0,1,0,1,-1,248,9,0,0,0
56,2,4,80,52,2,5,0,694,0,0,0,0,4,1,0,5,278.25,0,0.673102,10,4.8,0,0,0,3,0,0,0,0,0,0,0,0,0,0,0,137,6,0,0,0
56,3,4,80,52,3,8,1,1024,0,0,0,0,5,2,1,3,299.25,0,0.820708,2,3.14149,0,0,0,3,0,0,0,0,0,0,0,1,2,3,-3,265,8,0,0,0
57,0,4,80,52,0,5,0,638,0,0,0,0,4,1,0,5,334.95,1,0.63031,20,2.8,0,0,0,3,0,0,0,0,0,0,0,0,0,0,0,163,8,0,0.5,0.3
57,1,4,80,52,1,2,0,951,0,0,0,0,4,1,1,5,340.2,0,0.940529,22,2.8,0,0,0,3,0,0,0,0,0,0,0,1,0,1,-1,251,9,0,0,0
57,2,4,80,52,2,5,0,718,0,0,0,0,4,1,0,5,284.55,0,0.677808,10,4.8,0,0,0,3,0,0,0,0,0,0,0,0,0,0,0,138,6,0,0,0
57,3,4,80,52,3,8,1,1033,0,0,0,0,5,2,1,3,306.6,0,0.824405,2,3.14149,0,0,0,3,0,0,0,0,0,0,0,1,2,3,-3,275,9,0,0,0
58,0,4,80,52,0,5,0,655,0,0,0,0,5,2,0,5,342.3,1,0.862932,20,4.2,0,0,0,3,0,0,0,0,0,0,0,0,2,2,-2,168,12,0,0.5,0.3
58,1,4,80,52,1,2,0,1037,0,0,0,0,4,1,1,5,346.5,0,0.659036,22,2.8,0,0,0,3,0,0,0,0,0,0,0,1,0,1,-1,256,9,0,0,0
58,2,4,80,52,2,5,0,726,0,0,0,0,4,1,0,5,290.85,0,0.659227,10,4.8,0,0,0,3,0,0,0,0,0,0,0,0,0,0,0,139,6,0,0,0
58,3,4,80,52,3,8,1,1105,0,0,0,0,5,2,1,3,313.95,0,0.94605,2,3.14149,0,0,0,3,0,0,0,0,0,0,0,1,2,3,-3,283,9,0,0,0
59,0,4,80,52,0,5,0,727,0,0,0,0,5,2,0,5,349.65,1,0.883532,20,4.2,0,0,0,3,0,0,0,0,0,0,0,0,2,2,-2,173,12,0,0.5,0.3
59,1,4,80,52,1,2,0,1061,0,0,0,0,4,1,1,5,352.8,0,0.686687,22,2.8,0,0,0,3,0,0,0,0,0,0,0,1,0,1,-1,262,9,0,0,0
59,2,4,80,52,2,5,0,715,0,0,0,0,4,1,0,5,297.15,0,0.670508,10,4.8,0,0,0,3,0,0,0,0,0,0,0,0,0,0,0,142,6,0,0,0
59,3,4,80,52,3,8,1,1084,0,0,0,0,5,2,0,3,321.3,0,0.887448,2,3.14149,0,0,0,3,0,0,0,0,0,0,0,0,2,2,-2,291,9,0,0,0
60,0,4,80,52,0,5,0,747,0,0,0,0,5,2,0,5,357,1,0.916107,44,5.2,0,0,0,3,0,0,0,0,0,0,0,0,2,2,-2,168,12,0,0.5,0.3
60,1,4,80,52,1,2,0,1107,0,0,0,0,4,1,1,5,359.1,0,0.685448,34,2.8,0,0,0,3,0,0,0,0,0,0,0,1,0,1,-1,267,9,0,0,0
60,2,4,80,52,2,5,0,720,0,0,0,0,4,1,0,5,303.45,0,0.666361,16,4.8,0,0,0,3,0,0,0,0,0,0,0,0,0,0,0,145,6,0,0,0
60,3,4,80,52,3,8,1,1158,0,0,0,0,5,2,0,3,328.65,0,0.8968,14,3.14149,0,0,0,3,0,0,0,0,0,0,0,0,2,2,-2,300,9,0,0,0
61,0,4,80,52,0,5,0,666,0,0,0,0,6,2,0,5,365.4,1,0.914716,44,5.03431,0,0,0,3,0,0,0,0,0,0,0,0,2,2,-2,173,12,0,0.5,0.3
61,1,4,80,52,1,2,0,1024,0,0,0,0,4,1,1,5,365.4,0,0.675678,34,2.8,0,0,0,3,0,0,0,0,0,0,0,1,0,1,-1,270,9,0,0,0
61,2,4,80,52,2,5,0,751,0,0,0,0,4,1,0,5,309.75,0,0.666862,16,4.8,0,0,0,3,0,0,0,0,0,0,0,0,0,0,0,148,6,0,0,0
61,3,4,80,52,3,8,1,1190,0,0,0,0,5,2,0,3,336,0,0.898712,14,3.14149,0,0,0,3,0,0,0,0,0,0,0,0,2,2,-2,312,9,0,0,0
62,0,4,80,52,0,5,0,698,0,0,0,0,6,2,0,5,373.8,1,0.941122,44,6.03431,0,0,0,3,0,0,0,0,0,0,0,0,2,2,-2,179,12,0,0,0.6
62,1,4,80,52,1,2,0,1114,0,0,0,0,4,1,1,5,371.7,0,0.673267,34,2.8,0,0,0,3,0,0,0,0,0,0,0,1,0,1,-1,274,9,0,0,0
62,2,4,80,52,2,5,0,764,0,0,0,0,4,1,0,5,316.05,0,0.657368,16,4.8,0,0,0,3,0,0,0,0,0,0,0,0,0,0,0,141,6,0,0,0
62,3,4,80,52,3,8,1,1269,0,0,0,0,6,2,0,3,344.4,0,0.912504,14,3.01436,0,0,0,3,0,0,0,0,0,0,0,0,2,2,-2,321,10,0,0,0
63,0,4,80,52,0,5,0,797,0,0,0,0,6,2,0,5,382.2,1,0.937335,44,6.03431,0,0,0,3,0,0,0,0,0,0,0,0,2,2,-2,185,12,0,0,0.6
63,1,4,80,52,1,2,0,1133,0,0,0,0,4,1,1,5,378,0,0.648014,34,2.8,0,0,0,3,0,0,0,0,0,0,0,1,0,1,-1,280,9,0,0,0
63,2,4,80,52,2,5,0,684,0,0,0,0,4,1,0,5,322.35,0,0.635126,16,4.8,0,0,0,3,0,0,0,0,0,0,0,0,0,0,0,144,6,0,0,0
63,3,4,80,52,3,8,1,1233,0,0,0,0,6,2,1,3,352.8,0,0.963029,14,3.01436,0,0,0,3,0,0,0,0,0,0,0,1,2,3,-3,329,10,0,0,0
64,0,4,80,52,0,5,0,885,0,0,0,0,6,2,0,5,390.6,1,0.974111,44,7.03431,0,0,0,3,0,0,0,0,0,0,0,0,2,2,-2,191,12,0,0,0.6
64,1,4,80,52,1,2,0,1181,0,0,0,0,4,1,1,5,384.3,0,0.644325,34,2.8,0,0,0,3,0,0,0,0,0,0,0,1,0,1,-1,285,9,0,0,0
64,2,4,80,52,2,5,0,714,0,0,0,0,4,1,0,5,328.65,0,0.632364,16,4.8,0,0,0,3,0,0,0,0,0,0,0,0,0,0,0,147,6,0,0,0
64,3,4,80,52,3,8,1,1313,0,0,0,0,6,2,1,3,361.2,0,0.968693,14,3.01436,0,0,0,3,0,0,0,0,0,0,0,1,2,3,-3,339,10,0,0,0
65,0,4,80,52,0,5,0,867,0,0,0,0,6,2,0,5,399,1,0.980212,44,7.03431,0,0,0,3,0,0,0,0,0,0,0,0,2,2,-2,197,12,0,0,0.6
65,1,4,80,52,1,10,0,1090,0,0,0,0,4,1,1,5,390.6,0,0.6412,34,2.8,0,0,0,3,0,0,0,0,0,0,0,1,0,1,-1,288,9,0,0,0
65,2,4,80,52,2,5,0,715,0,0,0,0,4,1,0,5,334.95,0,0.638246,16,4.8,0,0,0,3,0,0,0,0,0,0,0,0,0,0,0,150,6,0,0,0
65,3,4,80,52,3,10,1,1361,0,0,0,0,5,2,1,3,368.55,0,0.968091,14,3.14149,0,0,0,3,0,0,0,0,0,0,0,1,2,3,-3,352,9,0,0,0
66,0,4,80,52,0,5,0,828,0,0,0,0,7,2,0,6,408.45,1,0.994464,44,6.90718,0,0,0,3,0,0,0,0,0,0,0,0,2,2,-2,202,12,0,0,0.6
66,1,4,80,52,1,10,0,1115,0,0,0,0,4,1,1,5,396.9,0,0.63336,34,2.8,0,0,0,3,0,0,0,0,0,0,0,1,0,1,-1,275,9,0,0,0
66,2,4,80,52,2,5,0,703,0,0,0,0,4,1,0,5,341.25,0,0.626262,16,4.8,0,0,0,3,0,0,0,0,0,0,0,0,0,0,0,153,6,0,0,0
66,3,4,80,52,3,10,1,1433,0,0,0,0,5,2,1,3,375.9,0,0.965823,14,3.14149,0,0,0,3,0,0,0,0,0,0,0,1,2,3,-3,379,9,0,0,0
67,0,4,80,52,0,5,0,861,0,0,0,0,7,2,0,6,417.9,1,0.997203,44,6.90718,0,0,0,3,0,0,0,0,0,0,0,0,2,2,-2,209,12,0,0,0.6
67,1,4,80,52,1,10,0,1083,0,0,0,0,4,1,1,5,403.2,0,0.629766,34,2.8,0,0,0,3,0,0,0,0,0,0,0,1,0,1,-1,281,9,0,0,0
67,2,4,80,52,2,5,0,721,0,0,0,0,4,1,0,5,347.55,0,0.627619,16,4.8,0,0,0,3,0,0,0,0,0,0,0,0,0,0,0,156,6,0,0,0
67,3,4,80,52,3,10,1,1437,0,0,0,0,5,2,1,3,383.25,0,0.96544,14,3.14149,0,0,0,3,0,0,0,0,0,0,0,1,2,3,-3,393,9,0,0,0
68,0,4,80,52,0,5,0,884,0,0,0,0,7,2,0,6,427.35,1,1.00909,44,6.90718,0,0,0,3,0,0,0,0,0,0,0,0,2,2,-2,205,12,0,0,0.6
68,1,4,80,52,1,10,0,1106,0,0,0,0,4,1,0,5,409.5,0,0.58449,34,2.8,0,0,0,3,0,0,0,0,0,0,0,0,0,0,0,286,9,0,0,0
68,2,4,80,52,2,5,0,727,0,0,0,0,4,1,0,5,353.85,0,0.638135,16,4.8,0,0,0,3,0,0,0,0,0,0,0,0,0,0,0,159,6,0,0,0
68,3,4,80,52,3,10,1,1459,0,0,0,0,5,2,1,3,390.6,0,0.988962,14,3.14149,0,0,0,3,0,0,0,0,0,0,0,1,2,3,-3,402,9,0,0,0
69,0,4,80,52,0,5,0,923,0,0,0,0,7,2,0,6,436.8,1,1.01065,44,6.90718,0,0,0,3,0,0,0,0,0,0,0,0,2,2,-2,212,12,0,0,0.6
69,1,4,80,52,1,10,0,1088,0,0,0,0,4,1,0,5,415.8,0,0.58037,34,2.8,0,0,0,3,0,0,0,0,0,0,0,0,0,0,0,289,9,0,0,0
69,2,4,80,52,2,5,0,862,0,0,0,0,4,1,0,5,360.15,0,0.648947,16,4.8,0,0,0,3,0,0,0,0,0,0,0,0,0,0,0,162,6,0,0,0
69,3,4,80,52,3,10,1,1408,0,0,0,0,5,2,1,3,397.95,0,0.981076,14,3.14149,0,0,0,3,0,0,0,0,0,0,0,1,2,3,-3,404,9,0,0,0
70,0,4,80,52,0,5,0,1018,0,0,0,0,7,2,0,6,446.25,1,1.00339,44,6.90718,0,0,0,3,0,0,0,0,0,0,0,0,2,2,-2,218,12,0,0,0.6
70,1,4,80,52,1,10,0,1278,0,0,0,0,4,1,0,5,422.1,0,0.582371,34,2.8,0,0,0,3,0,0,0,0,0,0,0,0,0,0,0,293,9,0,0,0
70,2,4,80,52,2,5,0,931,0,0,0,0,4,1,0,5,366.45,0,0.642271,16,4.8,0,0,0,3,0,0,0,0,0,0,0,0,0,0,0,165,6,0,0,0
70,3,4,80,52,3,10,1,1525,0,0,0,0,6,2,1,3,406.35,0,0.984854,14,3.01436,0,0,0,3,0,0,0,0,0,0,0,1,2,3,-3,416,10,0,0,0
71,0,4,80,52,0,5,0,1005,0,0,0,0,7,2,0,6,455.7,1,1.07483,44,6.90718,0,0,0,3,0,0,0,0,0,0,0,0,2,2,-2,226,12,0,0,0.6
71,1,4,80,52,1,10,0,1126,0,0,0,0,4,1,0,5,428.4,0,0.575186,34,2.8,0,0,0,3,0,0,0,0,0,0,0,0,0,0,0,299,9,0,0,0
71,2,4,80,52,2,5,0,788,0,0,0,0,4,1,0,5,372.75,0,0.634036,16,4.8,0,0,0,3,0,0,0,0,0,0,0,0,0,0,0,167,6,0,0,0
71,3,4,80,52,3,10,1,1580,0,0,0,0,6,2,1,3,414.75,0,0.930678,14,3.01436,0,0,0,3,0,0,0,0,0,0,0,1,2,3,-3,427,10,0,0,0
72,0,4,80,52,0,5,0,1070,0,0,0,0,7,2,0,6,465.15,1,1.06419,44,6.90718,0,0,0,3,0,0,0,0,0,0,0,0,2,2,-2,215,12,0,0.5,0.9
72,1,4,80,52,1,10,0,1226,0,0,0,0,3,1,0,5,433.65,0,0.548782,34,2.8,0,0,0,3,0,0,0,0,0,0,0,0,0,0,0,304,11,0,0,0
72,2,4,80,52,2,5,0,797,0,0,0,0,4,1,0,5,379.05,0,0.632085,16,4.8,0,0,0,3,0,0,0,0,0,0,0,0,0,0,0,169,6,0,0,0
72,3,4,80,52,3,10,1,1710,0,0,0,0,8,3,1,3,425.25,0,1.07571,14,6.20957,0,0,0,3,0,0,0,0,0,0,0,1,4,5,-5,437,12,0,0,0
73,0,4,80,52,0,5,0,1110,0,0,0,0,7,2,0,6,474.6,1,1.12736,44,8.90718,0,0,0,3,0,0,0,0,0,0,0,0,2,2,-2,221,12,0,0.5,0.9
73,1,4,80,52,1,10,0,1194,0,0,0,0,4,1,0,5,439.95,0,0.55378,34,2.8,0,0,0,3,0,0,0,0,0,0,0,0,0,0,0,303,11,0,0,0
73,2,4,80,52,2,5,0,934,0,0,0,0,4,1,0,5,385.35,0,0.635894,16,4.8,0,0,0,3,0,0,0,0,0,0,0,0,0,0,0,171,6,0,0,0
73,3,4,80,52,3,10,1,1786,0,0,0,0,8,3,1,3,435.75,0,1.06698,14,6.13812,0,0,0,3,0,0,0,0,0,0,0,1,5,6,-6,444,12,0,0,0
74,0,4,80,52,0,5,0,1150,0,0,0,0,6,2,0,6,483,1,1.11961,44,9.03431,0,0,0,3,0,0,0,0,0,0,0,0,2,2,-2,230,12,0,0.5,0.9
74,1,4,80,52,1,10,0,1331,0,0,0,0,4,1,0,5,446.25,0,0.592977,34,3.8,0,0,0,3,0,0,0,0,0,0,0,0,0,0,0,309,11,0,0,0
74,2,4,80,52,2,5,0,940,0,0,0,0,4,1,0,6,391.65,0,0.650606,16,4.8,0,0,0,3,0,0,0,0,0,0,0,0,0,0,0,173,6,0,0,0
74,3,4,80,52,3,10,1,1826,0,0,0,0,8,3,1,3,446.25,0,1.10461,14,7.30479,0,0,0,3,0,0,0,0,0,0,0,1,5,6,-6,455,12,0,0,0
75,0,4,80,52,0,5,0,1074,0,0,0,0,6,2,0,6,491.4,1,1.11546,44,9.03431,0,0,0,3,0,0,0,0,0,0,0,0,2,2,-2,232,12,0,0.5,0.9
75,1,4,80,52,1,10,0,1196,0,0,0,0,4,1,0,5,452.55,0,0.588068,34,3.8,0,0,0,3,0,0,0,0,0,0,0,0,0,0,0,316,11,0,0,0
75,2,4,80,52,2,5,0,832,0,0,0,0,4,1,0,6,397.95,0,0.644535,16,4.8,0,0,0,3,0,0,0,0,0,0,0,0,0,0,0,175,6,0,0,0
75,3,4,80,52,3,10,1,1674,0,0,0,0,9,3,1,3,457.8,0,1.11004,14,7.19433,0,0,0,3,0,0,0,0,0,0,0,1,5,6,-6,472,12,0,0,0
76,0,4,80,52,0,5,0,1013,0,0,0,0,6,2,0,6,499.8,1,1.10907,44,9.03431,0,0,0,5,0,0,0,0,0,0,0,0,2,2,-2,238,12,0,0.5,0.9
76,1,4,80,52,1,10,0,1251,0,0,0,0,4,1,0,5,458.85,0,0.624882,34,4.8,0,0,0,3,0,0,0,0,0,0,0,0,0,0,0,322,11,0,0,0
76,2,4,80,52,2,5,0,817,0,0,0,0,4,1,0,6,404.25,0,0.642213,16,4.8,0,0,0,3,0,0,0,0,0,0,0,0,0,0,0,177,6,0,0,0
76,3,4,80,52,3,10,1,1772,0,0,0,0,9,3,1,3,469.35,0,1.11568,14,7.19433,0,0,0,3,0,0,0,0,0,0,0,1,5,6,-6,483,12,0,0,0
77,0,4,80,52,0,5,0,1049,0,0,0,0,6,2,0,6,508.2,1,1.09957,44,9.03431,0,0,0,5,0,0,0,0,0,0,0,0,2,2,-2,242,12,0,0,0
77,1,4,80,52,1,10,0,1304,0,0,0,0,4,1,0,5,465.15,0,0.616124,34,4.8,0,0,0,3,0,0,0,0,0,0,0,0,0,0,0,326,11,0,0,0
77,2,4,80,52,2,5,0,979,0,0,0,0,4,1,0,6,410.55,0,0.643498,16,4.8,0,0,0,3,0,0,0,0,0,0,0,0,0,0,0,187,6,0,0,0
77,3,4,80,52,3,10,1,1972,0,0,0,0,9,3,1,4,480.9,0,1.13241,14,7.19433,0,0,0,3,0,0,0,0,0,0,0,1,5,6,-6,487,12,0,0,0
78,0,4,80,52,0,5,0,1133,0,0,0,0,6,2,0,6,516.6,1,1.10052,44,9.03431,0,0,0,5,0,0,0,0,0,0,0,0,2,2,-2,253,12,0,0,0
78,1,4,80,52,1,10,0,1489,0,0,0,0,4,1,0,5,471.45,0,0.622754,34,4.8,0,0,0,3,0,0,0,0,0,0,0,0,0,0,0,330,11,0,0,0
78,2,4,80,52,2,5,0,939,0,0,0,0,4,1,0,6,416.85,0,0.636092,16,4.8,0,0,0,3,0,0,0,0,0,0,0,0,0,0,0,189,6,0,0,0
78,3,4,80,52,3,10,1,2099,0,0,0,0,9,3,1,4,492.45,0,1.13204,14,7.19433,0,0,0,3,0,0,0,0,0,0,0,1,5,6,-6,508,12,0,0,0
79,0,4,80,52,0,5,0,1110,0,0,0,0,7,2,1,6,526.05,1,1.22288,44,8.90718,0,0,0,5,0,0,0,0,0,0,0,2,2,4,-4,259,12,0,0,0
79,1,4,80,52,1,10,0,1366,0,0,0,0,4,1,0,6,477.75,0,0.596116,34,4.8,0,0,0,3,0,0,0,0,0,0,0,0,0,0,0,337,11,0,0,0
79,2,4,80,52,2,5,0,894,0,0,0,0,4,1,0,6,423.15,0,0.596297,16,4.8,0,0,0,3,0,0,0,0,0,0,0,0,0,0,0,191,6,0,0,0
79,3,4,80,52,3,10,1,2180,0,0,0,0,9,3,1,4,504,0,1.06841,14,7.19433,0,0,0,5,0,0,0,0,0,0,0,1,5,6,-6,519,12,0,0,0
80,0,4,80,52,0,5,0,1069,0,0,0,0,7,2,1,6,535.5,1,1.21406,44,8.90718,0,0,0,5,0,0,0,0,0,0,0,2,2,4,-4,268,12,0,0,0
80,1,4,80,52,1,10,0,1334,0,0,0,0,4,1,0,6,484.05,0,0.591696,34,4.8,0,0,0,3,0,0,0,0,0,0,0,0,0,0,0,326,11,0,0,0
80,2,4,80,52,2,5,0,837,0,0,0,0,4,1,0,6,429.45,0,0.587807,16,4.8,0,0,0,3,0,0,0,0,0,0,0,0,0,0,0,193,6,0,0,0
80,3,4,80,52,3,10,1,1993,0,0,0,0,10,3,1,5,516.6,0,1.08114,14,7.10957,0,0,0,5,0,0,0,0,0,0,0,1,5,6,-6,526,12,0,0,0
81,0,4,80,52,0,5,0,1146,0,0,0,0,7,2,1,6,544.95,1,1.21794,44,8.90718,0,0,0,5,0,0,0,0,0,0,0,2,2,4,-4,275,12,0,0,0
81,1,4,80,52,1,10,0,1230,0,0,0,0,4,1,0,6,490.35,0,0.582,34,4.8,0,0,0,3,0,0,0,0,0,0,0,0,0,0,0,344,11,0,0,0
81,2,4,80,52,2,5,0,944,0,0,0,0,4,1,0,6,435.75,0,0.594299,16,4.8,0,0,0,3,0,0,0,0,0,0,0,0,0,0,0,195,6,0,0,0
81,3,4,80,52,3,10,1,2034,0,0,0,0,10,3,1,5,529.2,0,1.08077,14,7.10957,0,0,0,5,0,0,0,0,0,0,0,1,5,6,-6,540,12,0,0,0
82,0,4,80,52,0,5,0,1217,0,0,0,0,7,2,1,6,554.4,1,1.21064,44,8.90718,0,0,0,5,0,0,0,0,0,0,0,2,2,4,-4,251,12,0,0.5,0.3
82,1,4,80,52,1,10,0,1661,0,0,0,0,4,1,0,6,496.65,0,0.614254,34,4.8,0,0,0,3,0,0,0,0,0,0,0,0,0,0,0,331,11,0,0,0
82,2,4,80,52,2,5,0,1076,0,0,0,0,4,1,0,6,442.05,0,0.59298,16,4.8,0,0,0,3,0,0,0,0,0,0,0,0,0,0,0,197,6,0,0,0
82,3,4,80,52,3,10,1,2266,0,0,0,0,10,3,1,5,541.8,1,1.10701,14,7.10957,0,0,0,5,0,0,0,0,0,0,0,1,5,6,-6,376,12,0,0,0
83,0,4,80,52,0,5,0,1128,0,0,0,0,7,2,1,6,563.85,1,1.23563,44,8.90718,0,0,0,5,0,0,0,0,0,0,0,2,2,4,-4,258,12,0,0.5,0.3
83,1,4,80,52,1,10,0,1318,0,0,0,0,4,1,0,6,502.95,0,0.621419,34,4.8,0,0,0,6,0,0,0,0,0,0,0,0,0,0,0,357,11,0,0,0
83,2,4,80,52,2,5,0,882,0,0,0,0,4,1,0,6,448.35,0,0.601286,16,4.8,0,0,0,3,0,0,0,0,0,0,0,0,0,0,0,199,6,0,0,0
83,3,4,80,52,3,10,1,1454,0,0,0,0,9,3,1,5,553.35,1,1.07531,14,7.19433,0,0,0,5,0,0,0,0,0,0,0,1,5,6,-6,388,12,0,0,0
84,0,4,80,52,0,5,0,1234,0,0,0,0,7,2,1,6,573.3,1,1.23587,44,8.90718,0,0,0,5,0,0,0,0,0,0,0,2,2,4,-4,267,12,0,0.5,0.3
84,1,4,80,52,1,10,0,1512,0,0,0,0,4,1,0,6,509.25,0,0.62703,34,4.8,0,0,0,6,0,0,0,0,0,0,0,0,0,0,0,345,11,0,0,0
84,2,4,80,52,2,5,0,949,0,0,0,0,4,1,0,6,454.65,0,0.600266,16,4.8,0,0,0,3,0,0,0,0,0,0,0,0,0,0,0,201,6,0,0,0
84,3,4,80,52,3,10,1,1523,0,0,0,0,9,3,1,5,564.9,1,1.07048,14,7.19433,0,0,0,5,0,0,0,0,0,0,0,1,5,6,-6,400,12,0,0,0
85,0,4,80,52,0,5,0,1204,0,0,0,0,7,2,1,6,582.75,1,1.27469,44,8.90718,0,0,0,5,0,0,0,0,0,0,0,2,2,4,-4,272,12,0,0.5,0.3
85,1,4,80,52,1,10,0,1265,0,0,0,0,4,1,0,6,515.55,0,0.614394,34,4.8,0,0,0,6,0,0,0,0,0,0,0,0,0,0,0,361,11,0,0,0
85,2,4,80,52,2,5,0,939,0,0,0,0,4,1,0,6,460.95,0,0.60406,16,4.8,0,0,0,3,0,0,0,0,0,0,0,0,0,0,0,203,6,0,0,0
85,3,4,80,52,3,10,1,1497,0,0,0,0,9,3,1,5,576.45,1,1.0405,14,7.19433,0,0,0,5,0,0,0,0,0,0,0,1,5,6,-6,409,12,0,0,0
86,0,4,80,52,0,5,0,1238,0,0,0,0,7,2,1,6,592.2,1,1.26661,44,8.90718,0,0,0,5,0,0,0,0,0,0,0,2,2,4,-4,274,12,0,0.5,0.3
86,1,4,80,52,1,10,0,1642,0,0,0,0,4,1,0,6,521.85,0,0.630512,34,4.8,0,0,0,6,0,0,0,0,0,0,0,0,0,0,0,347,11,0,0,0
86,2,4,80,52,2,5,0,1036,0,0,0,0,4,1,0,6,467.25,0,0.602841,16,4.8,0,0,0,3,0,0,0,0,0,0,0,0,0,0,0,204,6,0,0,0
86,3,4,80,52,3,10,1,1584,0,0,0,0,9,3,1,5,588,1,1.03368,14,7.19433,0,0,0,5,0,0,0,0,0,0,0,1,5,6,-6,420,12,0,0,0
87,0,4,80,52,0,5,0,1239,0,0,0,0,6,2,1,6,600.6,1,1.16033,44,9.03431,0,0,0,5,0,0,0,0,0,0,0,2,2,4,-4,280,12,0,0,0
87,1,4,80,52,1,10,0,1365,0,0,0,0,4,1,0,6,528.15,0,0.621733,34,4.8,0,0,0,6,0,0,0,0,0,0,0,0,0,0,0,373,11,0,0,0
87,2,4,80,52,2,5,0,922,0,0,0,0,4,1,0,6,473.55,0,0.603458,16,4.8,0,0,0,3,0,0,0,0,0,0,0,0,0,0,0,219,6,0,0,0
87,3,4,80,52,3,10,1,1596,0,0,0,0,9,3,1,5,599.55,1,1.15853,14,7.19433,0,0,0,5,0,0,0,0,0,0,0,1,5,6,-6,430,12,0,0,0
88,0,4,80,52,0,5,0,1303,0,0,0,0,6,2,1,6,609,1,1.16524,44,9.03431,0,0,0,5,0,0,0,0,0,0,0,2,2,4,-4,288,12,0,0,0
88,1,4,80,52,1,10,0,1553,0,0,0,0,4,1,0,6,534.45,0,0.632708,34,4.8,0,0,0,6,0,0,0,0,0,0,0,0,0,0,0,361,11,0,0,0
88,2,4,80,52,2,5,0,999,0,0,0,0,4,1,0,6,479.85,0,0.608583,16,4.8,0,0,0,3,0,0,0,0,0,0,0,0,0,0,0,220,6,0,0,0
88,3,4,80,52,3,10,1,1617,0,0,0,0,8,3,1,5,610.05,1,1.14664,14,7.27909,0,0,0,5,0,0,0,0,0,0,0,1,5,6,-6,440,12,0,0,0
89,0,4,80,52,0,5,0,1380,0,0,0,0.00217391,6,2,1,6,617.4,1,1.28776,44,9.03431,0,0,0,5,0,0,0,0,0,0,0,2,2,4,-4,294,12,0,0,0
89,1,4,80,52,1,10,0,1441,0,0,0,0,4,1,0,6,540.75,0,0.617245,34,4.8,0,0,0,6,0,0,0,0,0,0,0,0,0,0,0,383,11,0,0,0
89,2,4,80,52,2,5,0,1124,0,0,0,0.00044484,4,1,0,6,486.15,0,0.655186,16,4.8,0,0,0,3,0,0,0,0,0,0,0,0,0,0,0,221,6,0,0,0
89,3,4,80,52,3,10,1,1702,0,0,0,0,9,3,1,5,621.6,1,0.986832,14,7.27909,0,0,0,5,0,0,0,0,0,0,0,1,5,6,-6,450,10,0,0,0
90,0,4,80,52,0,5,0,1441,0,0,0,0,6,2,1,6,625.8,1,1.16041,68,9.03431,0,0,0,5,0,0,0,0,0,0,0,2,2,4,-4,296,12,0,0,0
90,1,4,80,52,1,10,0,1736,0,0,0,0,4,1,0,6,547.05,0,0.631714,46,4.8,0,0,0,6,0,0,0,0,0,0,0,0,0,0,0,381,11,0,0,0
90,2,4,80,52,2,5,0,1085,0,0,0,0,4,1,0,6,492.45,0,0.604364,20,4.8,0,0,0,3,0,0,0,0,0,0,0,0,0,0,0,222,6,0,0,0
90,3,4,80,52,3,10,1,1690,0,0,0,0,9,3,1,5,633.15,1,1.14833,29,7.21613,0,0,0,5,0,0,0,0,0,0,0,1,6,7,-7,459,10,0,0,0
91,0,4,80,52,0,5,0,1297,0,0,0,0,6,2,1,6,634.2,1,1.15812,68,9.03431,0,0,0,5,0,0,0,0,0,0,0,2,2,4,-4,300,12,0,0,0
91,1,4,80,52,1,10,0,1515,0,0,0,0,4,1,0,6,553.35,0,0.625524,46,4.8,0,0,0,6,0,0,0,0,0,0,0,0,0,0,0,385,11,0,0,0
91,2,4,80,52,2,5,0,915,0,0,0,0,4,1,0,6,498.75,0,0.598192,20,4.8,0,0,0,5,0,0,0,0,0,0,0,0,0,0,0,223,6,0,0,0
91,3,4,80,52,3,10,1,1761,88,0,0,0,9,3,1,5,644.7,1,1.16298,29,7.21613,0,0,0,5,0,0,0,0,0,0,0,1,6,7,-7,467,10,0,0,0
92,0,4,80,52,0,5,0,1322,0,0,0,0,7,2,1,6,643.65,1,1.16044,68,8.90718,0,0,0,5,0,0,0,0,0,0,0,2,2,4,-4,293,12,0,0.5,0.3
92,1,4,80,52,1,10,0,1543,0,0,0,0,4,1,0,6,559.65,0,0.619338,46,4.8,0,0,0,6,0,0,0,0,0,0,0,0,0,0,0,393,11,0,0,0
92,2,4,80,52,2,5,0,986,0,0,0,0,4,1,0,6,505.049,0,0.596658,20,4.8,0,0,0,5,0,0,0,0,0,0,0,0,0,0,0,224,6,0,0,0
92,3,4,80,52,3,10,1,1856,0,0,0,0,9,3,1,5,656.25,1,1.15797,29,7.21613,0,0,0,5,0,0,0,0,0,0,0,1,6,7,-7,475,10,0,0,0
93,0,4,80,52,0,5,0,1330,0,0,0,0,7,2,1,6,653.1,1,1.18334,68,9.90718,0,0,0,5,0,0,0,0,0,0,0,2,2,4,-4,297,12,0,0.5,0.3
93,1,4,80,52,1,10,0,1593,0,0,0,0,4,1,0,6,565.95,0,0.616138,46,4.8,0,0,0,6,0,0,0,0,0,0,0,0,0,0,0,397,11,0,0,0
93,2,4,80,52,2,5,0,976,0,0,0,0,4,1,0,6,511.349,0,0.589016,20,4.8,0,0,0,5,0,0,0,0,0,0,0,0,0,0,0,225,6,0,0,0
93,3,4,80,52,3,10,1,1772,0,0,0,0,11,3,1,5,669.9,1,1.16256,29,7.04662,0,0,0,5,0,0,0,0,0,0,0,1,6,7,-7,483,11,0,0,0
94,0,4,80,52,0,5,0,1281,0,0,0,0,7,2,1,6,662.55,1,1.00532,68,9.90718,0,0,0,5,0,0,0,0,0,0,0,2,2,4,-4,303,12,0,0.5,0.3
94,1,4,80,52,1,10,0,1462,0,0,0,0,4,1,0,6,572.25,0,0.602604,46,4.8,0,0,0,6,0,0,0,0,0,0,0,0,0,0,0,397,11,0,0,0
94,2,4,80,52,2,5,0,965,0,0,0,0,4,1,0,6,517.649,0,0.581216,20,4.8,0,0,0,5,0,0,0,0,0,0,0,0,0,0,0,226,6,0,0,0
94,3,4,80,52,3,10,1,1796,0,0,0,0,12,4,1,5,684.6,1,1.36068,29,7.18497,0,0,0,5,0,0,0,0,0,0,0,1,9,10,-10,491,16,0,0,0
95,0,4,80,52,0,5,0,1378,0,0,0,0,7,2,1,6,672,1,1.04077,68,10.9072,0,0,0,5,0,0,0,0,0,0,0,2,2,4,-4,309,12,0,0.5,0.3
95,1,4,80,52,1,10,0,1619,0,0,0,0,4,1,0,6,578.549,0,0.607772,46,4.8,0,0,0,6,0,0,0,0,0,0,0,0,0,0,0,422,11,0,0,0
95,2,4,80,52,2,5,0,966,0,0,0,0,4,1,0,6,523.949,0,0.577623,20,4.8,0,0,0,5,0,0,0,0,0,0,0,0,0,0,0,227,6,0,0,0
95,3,4,80,52,3,10,1,1847,0,0,0,0,12,4,1,5,699.3,1,1.35734,29,7.18497,0,0,0,5,0,0,0,0,0,0,0,1,9,10,-10,500,16,0,0,0
96,0,4,80,52,0,5,0,1315,0,0,0,0,7,2,1,6,681.45,1,1.03832,68,10.9072,0,0,0,5,0,0,0,0,0,0,0,2,2,4,-4,315,12,0,0.5,0.3
96,1,4,80,52,1,10,0,1608,0,0,0,0,4,1,0,6,584.849,0,0.609277,46,4.8,0,0,0,6,0,0,0,0,0,0,0,0,0,0,0,437,11,0,0,0
96,2,4,80,52,2,5,0,928,0,0,0,0,4,1,0,6,530.249,0,0.576331,20,4.8,0,0,0,5,0,0,0,0,0,0,0,0,0,0,0,228,6,0,0,0
96,3,4,80,52,3,10,1,1842,0,0,0,0,12,4,1,5,714,1,1.35959,29,7.18497,0,0,0,5,0,0,0,0,0,0,0,1,9,10,-10,508,16,0,0,0
97,0,4,80,52,0,5,0,1348,0,0,0,0,7,2,1,6,690.9,1,1.03724,68,10.9072,0,0,0,5,0,0,0,0,0,0,0,2,2,4,-4,324,12,0,0,0
97,1,4,80,52,1,10,0,1706,0,0,0,0,4,1,0,6,591.149,0,0.608829,46,4.8,0,0,0,6,0,0,0,0,0,0,0,0,0,0,0,441,11,0,0,0
97,2,4,80,52,2,5,0,929,0,0,0,0,4,1,0,6,536.549,0,0.570314,20,4.8,0,0,0,5,0,0,0,0,0,0,0,0,0,0,0,242,6,0,0,0
97,3,4,80,52,3,10,1,1869,0,0,0,0,13,4,1,5,729.75,1,1.35822,29,7.10212,0,0,0,5,0,0,0,0,0,0,0,1,9,10,-10,517,16,0,0,0
98,0,4,80,52,0,5,0,1465,0,0,0,0,7,2,1,6,700.35,1,1.04326,68,10.9072,0,0,0,5,0,0,0,0,0,0,0,2,2,4,-4,327,12,0,0,0
98,1,4,80,52,1,10,0,1509,0,0,0,0,4,1,0,6,597.449,0,0.593508,46,4.8,0,0,0,6,0,0,0,0,0,0,0,0,0,0,0,420,11,0,0,0
98,2,4,80,52,2,5,0,990,0,0,0,0,4,1,0,6,542.849,0,0.573155,20,4.8,0,0,0,5,0,0,0,0,0,0,0,0,0,0,0,243,6,0,0,0
98,3,4,80,52,3,10,1,2003,0,0,0,0,13,4,1,5,745.5,1,1.36468,29,7.10212,0,0,0,5,0,0,0,0,0,0,0,1,9,10,-10,529,16,0,0,0
99,0,4,80,52,0,5,0,1431,0,0,0,0,7,2,1,6,709.8,1,1.03272,68,10.9072,0,0,0,5,0,0,0,0,0,0,0,2,2,4,-4,336,12,0,0,0
99,1,4,80,52,1,10,0,1474,0,0,0,0,4,1,0,6,603.749,0,0.585341,46,4.8,0,0,0,6,0,0,0,0,0,0,0,0,0,0,0,424,11,0,0,0
99,2,4,80,52,2,5,0,901,0,0,0,0,4,1,0,6,549.149,0,0.559485,20,4.8,0,0,0,5,0,0,0,0,0,0,0,0,0,0,0,244,6,0,0,0
99,3,4,80,52,3,10,1,2095,0,0,0,0,14,5,1,5,762.3,1,1.35465,29,6.0017,0.04,0,0,5,0,0,0,0,0,0,0,1,11,12,-12,542,18,0,0,0
100,0,4,80,52,0,5,0,1439,0,0,0,0,6,2,1,6,718.2,1,1.0266,68,11.0343,0,0,0,5,0,0,0,0,0,0,0,2,2,4,-4,342,12,0,0,0
100,1,4,80,52,1,10,0,1620,0,0,0,0,4,1,0,6,610.049,0,0.594388,46,4.8,0,0,0,6,0,0,0,0,0,0,0,0,0,0,0,453,11,0,0,0
100,2,4,80,52,2,5,0,971,0,0,0,0,4,1,0,6,555.449,0,0.565019,20,4.8,0,0,0,5,0,0,0,0,0,0,0,0,0,0,0,245,6,0,0,0
100,3,4,80,52,3,10,1,2095,0,0,0,0,14,5,1,5,779.1,1,1.3561,29,6.0017,0.04,0,0,5,0,0,0,0,0,0,0,1,13,14,-14,549,18,0,0,0
101,0,4,80,52,0,5,0,1488,0,0,0,0,6,2,1,6,726.6,1,1.0295,68,11.0343,0,0,0,5,0,0,0,0,0,0,0,2,2,4,-4,347,13,0,0,0
101,1,4,80,52,1,10,0,1827,0,0,0,0,4,1,0,6,616.349,0,0.601145,46,4.8,0,0,0,6,0,0,0,0,0,0,0,0,0,0,0,457,11,0,0,0
101,2,4,80,52,2,5,0,995,0,0,0,0,4,1,0,6,561.749,0,0.562487,20,4.8,0,0,0,5,0,0,0,0,0,0,0,0,0,0,0,246,6,0,0,0
101,3,4,80,52,3,10,1,2148,0,0,0,0,14,5,1,5,795.9,1,1.34898,29,6.0017,0.04,0,0,5,0,0,0,0,0,0,0,1,13,14,-14,561,18,0,0,0
102,0,4,80,52,0,5,0,1455,0,0,0,0,6,2,1,6,735,1,1.02931,68,11.0343,0,0,0,5,0,0,0,0,0,0,0,2,2,4,-4,330,13,0,0.5,0.3
102,1,4,80,52,1,10,0,1499,0,0,0,0.00200133,4,1,0,6,622.649,0,0.725308,46,4.8,0,0,0,6,0,0,0,0,0,0,0,0,0,0,0,436,11,0,0,0
102,2,4,80,52,2,5,0,927,0,0,0,0,5,1,0,6,569.099,0,0.572965,20,4.8,0,0,0,5,0,0,0,0,0,0,0,0,0,0,0,247,4,0,0,0
102,3,4,80,52,3,10,1,2073,0,0,0,0.00192957,14,5,1,5,812.7,1,1.20883,29,6.0017,0.04,0,0,5,0,0,0,0,0,0,0,1,13,14,-14,574,18,0,0,0
103,0,4,80,52,0,5,0,1443,0,0,0,0,6,2,0,6,743.4,1,0.893024,68,11.0343,0,0,0,5,0,0,0,0,0,0,0,0,2,2,-2,334,13,0,0.5,0.3
103,1,4,80,52,1,10,0,1488,0,0,0,0,4,1,0,6,628.949,0,0.608968,46,4.8,0,0,0,6,0,0,0,0,0,0,0,0,0,0,0,440,11,0,0,0
103,2,4,80,52,2,5,0,941,0,0,0,0,6,2,0,6,577.499,0,0.713526,20,7.10557,0,0,0,5,0,0,0,0,0,0,0,0,2,2,-2,251,8,0,0,0
103,3,4,80,52,3,10,1,2057,0,0,0,0,14,5,1,5,829.5,1,1.39084,29,6.0017,0.04,0,0,5,0,0,0,0,0,0,0,1,13,14,-14,588,18,0,0,0
104,0,4,80,52,0,5,0,1581,0,0,0,0,6,2,0,6,751.8,1,0.893577,68,11.0343,0,0,0,5,0,0,0,0,0,0,0,0,2,2,-2,338,13,0,0.5,0.3
104,1,4,80,52,1,10,0,1643,0,0,0,0,4,1,0,6,635.249,0,0.610318,46,4.8,0,0,0,6,0,0,0,0,0,0,0,0,0,0,0,469,11,0,0,0
104,2,4,80,52,2,5,0,1033,0,0,0,0,6,2,0,6,585.899,0,0.746783,20,8.10557,0,0,0,5,0,0,0,0,0,0,0,0,2,2,-2,255,8,0,0,0
104,3,4,80,52,3,10,1,2202,0,0,0,0,14,5,1,5,846.3,1,1.38846,29,6.0017,0.04,0,0,5,0,0,0,0,0,0,0,1,13,14,-14,605,18,0,0,0
105,0,4,80,52,0,5,0,1509,0,0,0,0,7,2,0,6,761.25,1,0.888859,68,10.9072,0,0,0,5,0,0,0,0,0,0,0,0,2,2,-2,343,13,0,0.5,0.3
105,1,4,80,52,1,10,0,1826,0,0,0,0,4,1,0,6,641.549,0,0.61459,46,4.8,0,0,0,6,0,0,0,0,0,0,0,0,0,0,0,473,11,0,0,0
105,2,4,80,52,2,5,0,1048,0,0,0,0,6,2,0,6,594.299,0,0.773388,20,9.10557,0,0,0,5,0,0,0,0,0,0,0,0,2,2,-2,259,8,0,0,0
105,3,4,80,52,3,10,1,2313,0,0,0,0,14,5,1,5,863.1,1,1.38417,29,6.0017,0.04,0,0,5,0,0,0,0,0,0,0,1,13,14,-14,617,18,0,0,0
106,0,4,80,52,0,5,0,1412,0,0,0,0,7,2,0,6,770.701,1,0.87451,68,10.9072,0,0,0,5,0,0,0,0,0,0,0,0,2,2,-2,350,13,0,0.5,0.3
106,1,4,80,52,1,10,0,1642,0,0,0,0,4,1,0,6,647.849,0,0.600471,46,4.8,0,0,0,6,0,0,0,0,0,0,0,0,0,0,0,452,11,0,0,0
106,2,4,80,52,2,5,0,1074,0,0,0,0,7,2,0,6,603.749,0,0.774055,20,8.93989,0,0,0,5,0,0,0,0,0,0,0,0,2,2,-2,263,8,0,0,0
106,3,4,80,52,3,10,1,2402,0,0,0,0,15,5,1,5,880.95,1,1.38507,29,5.73542,0.04,0,0,5,0,0,0,0,0,0,0,1,13,14,-14,622,16,0,0,0
107,0,4,80,52,0,5,0,1508,0,0,0,0,7,2,0,6,780.151,1,0.877067,68,10.9072,0,0,0,5,0,0,0,0,0,0,0,0,2,2,-2,356,13,0,0,0
107,1,4,80,52,1,10,0,1719,0,0,0,0,4,1,0,6,654.149,0,0.601416,46,4.8,0,0,0,6,0,0,0,0,0,0,0,0,0,0,0,456,11,0,0,0
107,2,4,80,52,2,5,0,1090,0,0,0,0,7,2,0,6,613.199,0,0.772662,20,8.93989,0,0,0,5,0,0,0,0,0,0,0,0,2,2,-2,279,8,0,0,0
107,3,4,80,52,3,10,1,2455,0,0,0,0,15,5,1,5,898.8,1,1.38297,29,5.73542,0.04,0,0,5,0,0,0,0,0,0,0,1,13,14,-14,636,16,0,0,0
108,0,4,80,52,0,5,0,1607,0,0,0,0,7,2,0,6,789.601,1,0.882477,68,10.9072,0,0,0,5,0,0,0,0,0,0,0,0,2,2,-2,361,13,0,0,0
108,1,4,80,52,1,10,0,1699,0,0,0,0,4,1,0,6,660.449,0,0.599836,46,4.8,0,0,0,6,0,0,0,0,0,0,0,0,0,0,0,485,11,0,0,0
108,2,4,80,52,2,5,0,1127,0,0,0,0,7,2,0,6,622.649,0,0.774557,20,8.93989,0,0,0,5,0,0,0,0,0,0,0,0,2,2,-2,284,8,0,0,0
108,3,4,80,52,3,10,1,2367,0,0,0,0,15,5,1,5,916.65,1,1.37724,29,5.73542,0.04,0,0,5,0,0,0,0,0,0,0,1,14,15,-15,640,16,0,0.5,0.3
109,0,4,80,52,0,5,0,1601,0,0,0,0,7,2,0,6,799.051,1,0.879758,68,10.9072,0,0,0,5,0,0,0,0,0,0,0,0,2,2,-2,369,13,0,0,0
109,1,4,80,52,1,10,0,1856,0,0,0,0,4,1,0,6,666.749,0,0.606245,46,4.8,0,0,0,6,0,0,0,0,0,0,0,0,0,0,0,489,11,0,0,0
109,2,4,80,52,2,5,0,1143,0,0,0,0,7,2,0,6,632.099,0,0.773799,20,8.93989,0,0,0,5,0,0,0,0,0,0,0,0,2,2,-2,289,8,0,0,0
109,3,4,80,52,3,10,1,2377,2,0,0,0,15,5,1,5,934.5,1,1.37431,29,5.73542,0.04,0,0,5,15,5,0,0,0,25,16,1,9,10,6,653,16,0,0.5,0.3
110,0,4,80,52,0,5,0,1531,0,0,0,0,7,2,0,6,808.501,1,0.879135,68,10.9072,0,0,0,5,0,0,0,0,0,0,0,0,2,2,-2,375,13,0,0,0
110,1,4,80,52,1,10,0,1605,0,0,0,0,4,1,0,6,673.049,0,0.595496,46,4.8,0,0,0,6,0,0,0,0,0,0,0,0,0,0,0,468,11,0,0,0
110,2,4,80,52,2,5,0,1113,0,0,0,0,7,2,0,6,641.549,0,0.774532,20,8.93989,0,0,0,5,0,0,0,0,0,0,0,0,2,2,-2,294,8,0,0,0
110,3,4,80,52,3,10,1,2469,4,0,0,0,15,5,1,5,952.35,1,1.38495,29,5.73542,0.04,0,0,5,15,5,0,0,0,25,16,1,9,10,6,680,16,0,0.5,0.3
111,0,4,80,52,0,5,0,1515,0,0,0,0,7,2,0,6,817.951,1,0.877608,68,10.9072,0,0,0,5,0,0,0,0,0,0,0,0,2,2,-2,379,13,0,0,0
111,1,4,80,52,1,10,0,1592,0,0,0,0,4,1,0,6,679.349,0,0.594118,46,4.8,0,0,0,6,0,0,0,0,0,0,0,0,0,0,0,472,11,0,0,0
111,2,4,80,52,2,5,0,1133,0,0,0,0,8,2,0,6,652.049,0,0.783205,20,8.81275,0,0,0,5,0,0,0,0,0,0,0,0,2,2,-2,299,8,0,0,0
111,3,4,80,52,3,10,1,2522,6,1,0,0,14,5,1,5,969.15,1,1.37675,29,5.78628,0.04,0,0,5,14,5,0,0,0,24,15,1,9,10,5,699,16,0,0.5,0.3
112,0,4,80,52,0,5,0,1607,0,0,0,0,7,2,0,6,827.401,1,0.873178,68,10.9072,0,0,0,5,0,0,0,0,0,0,0,0,2,2,-2,370,13,0,0.5,0.3
112,1,4,80,52,1,10,0,1776,0,0,0,0,4,1,0,6,685.649,0,0.595084,46,4.8,0,0,0,6,0,0,0,0,0,0,0,0,0,0,0,501,11,0,0,0
112,2,4,80,52,2,5,0,1221,0,0,0,0,8,2,0,6,662.549,0,0.780846,20,8.81275,0,0,0,5,0,0,0,0,0,0,0,0,2,2,-2,304,8,0,0,0
112,3,4,80,52,3,10,1,2827,7,1,1,-0.0278447,14,5,1,5,985.95,1,1.38257,29,5.78628,0.04,0,0,5,14,5,0,0,0,24,15,1,11,12,3,646,16,0,0.5,0.3
113,0,4,80,52,0,5,0,1658,0,0,0,0,6,2,0,6,835.801,1,0.879446,68,11.0343,0,0,0,5,0,0,0,0,0,0,0,0,2,2,-2,374,13,0,0.5,0.3
113,1,4,80,52,1,10,0,1933,0,0,0,0,4,1,0,6,691.949,0,0.611253,46,4.8,0,0,0,6,0,0,0,0,0,0,0,0,0,0,0,505,11,0,0,0
113,2,4,80,52,2,5,0,1213,0,0,0,0,8,2,0,6,673.049,0,0.793121,20,8.81275,0,0,0,5,0,0,0,0,0,0,0,0,2,2,-2,309,8,0,0,0
113,3,4,80,52,3,10,1,2589,7,1,1,0.122855,14,5,1,5,999.55,1,1.34568,29,5.78628,0.04,0,0,5,14,5,0,0,0,24,15,1,11,12,3,661,16,0,0.5,0.3
114,0,4,80,52,0,5,0,1579,0,0,0,0,7,3,0,6,845.251,1,0.955896,68,12.2229,0,0,0,5,0,0,0,0,0,0,0,0,4,4,-4,380,17,0,0.5,0.3
114,1,4,80,52,1,10,0,1630,0,0,0,0,4,1,0,6,698.249,0,0.593812,46,4.8,0,0,0,6,0,0,0,0,0,0,0,0,0,0,0,484,11,0,0,0
114,2,4,80,52,2,5,0,1165,0,0,0,0,8,2,0,6,683.549,0,0.780536,20,8.81275,0,0,0,5,0,0,0,0,0,0,0,0,2,2,-2,314,8,0,0,0
114,3,4,80,52,3,10,1,2562,7,1,1,0.0325862,13,5,1,5,1014.55,1,1.35177,29,5.83713,0.04,0,0,5,13,5,0,0,0,23,15,1,14,15,0,676,16,0,0.5,0.3
115,0,4,80,52,0,5,0,1496,0,0,0,0.08,7,3,0,6,854.701,1,0.951096,68,12.2229,0,0,0,5,0,0,0,0,0,0,0,0,4,4,-4,387,17,0,0.5,0.3
115,1,4,80,52,1,10,0,1644,0,0,0,0,4,1,0,6,704.549,0,0.595244,46,4.8,0,0,0,6,0,0,0,0,0,0,0,0,0,0,0,488,11,0,0,0
115,2,4,80,52,2,5,0,1185,0,0,0,0,8,2,0,6,694.049,0,0.782539,20,8.81275,0,0,0,5,0,0,0,0,0,0,0,0,2,2,-2,319,8,0,0,0
115,3,4,80,52,3,10,1,2615,3,1,1,0.0567613,13,5,1,5,1028.8,1,1.33955,29,5.83713,0.04,0,0,5,13,5,0,0,0,23,15,1,14,15,0,689,16,0,0.5,0.3
116,0,4,80,52,0,5,0,1604,0,0,0,0,7,3,0,6,864.151,1,0.977083,68,13.2229,0,0,0,5,0,0,0,0,0,0,0,0,4,4,-4,401,17,0,0.5,0.3
116,1,4,80,52,1,10,0,1778,0,0,0,0,4,1,0,6,710.849,0,0.594286,46,4.8,0,0,0,6,0,0,0,0,0,0,0,0,0,0,0,517,11,0,0,0
116,2,4,80,52,2,5,0,1273,0,0,0,0,8,2,0,6,704.549,0,0.777953,20,8.81275,0,0,0,5,0,0,0,0,0,0,0,0,2,2,-2,319,8,0,0,0
116,3,4,80,52,3,10,1,2684,0,1,1,0.0698018,14,5,1,5,1044,1,1.25292,29,5.78628,0.04,0,0,5,14,5,0,0,0,24,16,1,14,15,1,705,18,0,0.5,0.3
117,0,4,80,52,0,5,0,1748,0,0,0,0,8,3,0,7,874.651,1,0.984762,68,13.1124,0,0,0,5,0,0,0,0,0,0,0,0,4,4,-4,407,17,0,0,0
117,1,4,80,52,1,10,0,1960,0,0,0,0,4,1,0,6,717.149,0,0.587444,46,4.8,0,0,0,6,0,0,0,0,0,0,0,0,0,0,0,521,11,0,0,0
117,2,4,80,52,2,5,0,1293,0,0,0,0,8,2,0,6,715.049,0,0.758747,20,8.81275,0,0,0,5,0,0,0,0,0,0,0,0,2,2,-2,332,8,0,0,0
117,3,4,80,52,3,10,1,2731,0,1,1,0.0167162,15,5,1,5,1061.85,1,1.08551,29,5.73542,0.04,0,0,5,15,5,0,0,0,25,16,1,14,15,1,722,16,0,0.5,0.3
118,0,4,80,52,0,5,0,1623,0,0,0,0,9,3,0,7,886.201,1,0.979559,68,13.0277,0,0,0,5,0,0,0,0,0,0,0,0,4,4,-4,409,17,0,0,0
118,1,4,80,52,1,10,0,1682,0,0,0,0,4,1,0,6,723.449,0,0.572566,46,4.8,0,0,0,6,0,0,0,0,0,0,0,0,0,0,0,500,11,0,0,0
118,2,4,80,52,2,5,0,1301,0,0,0,0,8,2,0,6,725.549,0,1.11094,20,8.81275,0,0,0,5,0,0,0,0,0,0,0,0,2,2,-2,337,8,0,0,0
118,3,4,80,52,3,10,1,2801,0,1,1,0.0353535,16,5,1,5,1079.85,1,1.00649,29,5.68457,0.04,0,0,5,16,5,0,0,0,26,17,1,14,15,2,741,16,0,0.5,0.3
119,0,4,80,52,0,5,0,1649,0,0,0,0,9,3,0,7,897.751,1,0.985095,68,13.0277,0,0,0,5,0,0,0,0,0,0,0,0,4,4,-4,416,17,0,0,0
119,1,4,80,52,1,10,0,1696,0,0,0,0,4,1,0,6,729.749,0,0.574148,46,4.8,0,0,0,6,0,0,0,0,0,0,0,0,0,0,0,504,11,0,0,0
119,2,4,80,52,2,5,0,1321,0,0,0,0,7,2,0,6,735,0,1.10763,20,8.93989,0,0,0,5,0,0,0,0,0,0,0,0,2,2,-2,342,8,0,0,0
119,3,4,80,52,3,10,1,2881,0,1,1,0.0365487,16,5,1,5,1097.85,1,1.01309,29,5.68457,0.04,0,0,5,16,5,0,0,0,26,17,1,14,15,2,760,16,0,0.5,0.3
120,0,4,80,52,0,5,0,1836,0,0,0,0,9,3,0,7,909.301,1,0.957431,86,13.0277,0,0,0,5,0,0,0,0,0,0,0,0,4,4,-4,426,17,0,0,0
120,1,4,80,52,1,10,0,1830,0,0,0,0,4,1,0,6,736.049,0,0.543976,55,4.8,0,0,0,6,0,0,0,0,0,0,0,0,0,0,0,533,11,0,0,0
120,2,4,80,52,2,5,0,1377,0,0,0,0,7,2,0,6,744.45,0,1.07458,30,8.93989,0,0,0,5,0,0,0,0,0,0,0,0,2,2,-2,347,8,0,0,0
120,3,4,80,52,3,10,1,2887,0,1,1,0.0554779,16,5,2,5,1114.95,1,1.09085,49,5.68457,0.04,0,0,5,16,5,0,0,0,26,17,3,14,17,0,780,16,0,0.5,0.3
121,0,4,80,52,0,5,0,1917,0,0,0,0,9,3,0,7,920.851,1,0.94957,86,13.0277,0,0,0,5,0,0,0,0,0,0,0,0,4,4,-4,433,17,0,0,0
121,1,4,80,52,1,10,0,2012,0,0,0,0,4,1,0,6,742.349,0,0.543226,55,4.8,0,0,0,6,0,0,0,0,0,0,0,0,0,0,0,553,11,0,0,0
121,2,4,80,52,2,5,0,1397,0,0,0,0,7,2,0,6,753.9,0,1.06961,30,8.93989,0,0,0,5,0,0,0,0,0,0,0,0,2,2,-2,352,8,0,0,0
121,3,4,80,52,3,10,1,2954,0,1,1,0.0102287,16,5,2,6,1133.85,1,1.11756,49,5.68457,0.04,0,0,5,16,5,0,0,0,26,17,3,14,17,0,800,16,0,0,0
122,0,4,80,52,0,5,0,1745,0,0,0,0,10,3,0,7,933.451,1,0.943654,86,12.9429,0,0,0,5,0,0,0,0,0,0,0,0,4,4,-4,457,17,0,0.5,0.3
122,1,4,80,52,1,10,0,1897,0,0,0,0,4,1,0,6,748.649,0,0.535641,55,4.8,0,0,0,6,0,0,0,0,0,0,0,0,0,0,0,554,11,0,0,0
122,2,4,80,52,2,5,0,1334,0,0,0,0,7,2,0,7,763.35,0,1.07555,30,8.93989,0,0,0,5,0,0,0,0,0,0,0,0,2,2,-2,357,8,0,0,0
122,3,4,80,52,3,10,1,2978,0,1,1,-0.000937268,16,5,2,6,1152.75,1,1.11602,49,5.68457,0.04,0,0,5,16,5,0,0,0,26,17,3,14,17,0,820,16,0,0,0
123,0,4,80,52,0,5,0,1751,0,0,0,0.00171331,10,3,0,7,946.051,1,1.05358,86,12.9429,0,0,0,5,0,0,0,0,0,0,0,0,4,4,-4,466,17,0,0.5,0.3
123,1,4,80,52,1,10,0,1958,0,0,0,0,4,1,0,6,754.949,0,0.533948,55,4.8,0,0,0,6,0,0,0,0,0,0,0,0,0,0,0,565,11,0,0,0
123,2,4,80,52,2,5,0,1354,0,0,0,0.00295421,7,2,0,7,772.8,0,0.95178,30,8.93989,0,0,0,5,0,0,0,0,0,0,0,0,2,2,-2,362,8,0,0,0
123,3,4,80,52,3,10,1,3060,0,1,1,0.0181841,17,5,2,6,1172.7,1,1.12519,49,5.68457,0.04,0,0,5,17,5,0,0,0,27,18,3,14,17,1,839,16,0,0,0
124,0,4,80,52,0,5,0,1734,0,0,0,0,10,3,0,7,958.651,1,0.927924,86,12.9429,0,0,0,5,0,0,0,0,0,0,0,0,4,4,-4,477,17,0,0.5,0.3
124,1,4,80,52,1,10,0,1909,0,0,0,0,4,1,0,6,761.249,0,0.531125,55,4.8,0,0,0,6,0,0,0,0,0,0,0,0,0,0,0,569,11,0,0,0
124,2,4,80,52,2,5,0,1366,0,0,0,0,8,2,0,7,783.3,0,1.07403,30,8.81275,0,0,0,5,0,0,0,0,0,0,0,0,2,2,-2,367,9,0,0,0
124,3,4,80,52,3,10,1,2893,0,1,1,0.0721307,18,5,2,6,1191.7,1,1.09943,49,5.59957,0.04,0,0,5,18,5,0,0,0,28,18,3,14,17,1,860,17,0,0,0
125,0,4,80,52,0,5,0,1764,0,0,0,0,10,3,0,7,971.25,1,0.935473,86,12.9429,0,0,0,5,0,0,0,0,0,0,0,0,4,4,-4,484,17,0,0.5,0.3
125,1,4,80,52,1,10,0,1801,0,0,0,0,4,1,0,6,767.549,0,0.529595,55,4.8,0,0,0,6,0,0,0,0,0,0,0,0,0,0,0,565,11,0,0,0
125,2,4,80,52,2,5,0,1261,0,0,0,0,8,2,0,7,793.8,0,1.07299,30,8.81275,0,0,0,5,0,0,0,0,0,0,0,0,2,2,-2,373,9,0,0,0
125,3,4,80,52,3,10,1,2857,0,1,1,0.0368384,17,5,2,6,1210.7,1,1.11529,49,5.65042,0.04,0,0,5,17,5,0,0,0,27,18,3,14,17,1,881,17,0,0,0
126,0,4,80,52,0,5,0,1707,0,0,0,0,9,3,0,7,982.8,1,0.937483,86,13.0277,0,0,0,5,0,0,0,0,0,0,0,0,4,4,-4,487,17,0,0.5,0.3
126,1,4,80,52,1,10,0,1537,0,0,0,0,4,1,0,6,773.849,0,0.523341,55,4.8,0,0,0,6,0,0,0,0,0,0,0,0,0,0,0,568,11,0,0,0
126,2,4,80,52,2,5,0,1314,0,0,0,0,8,2,0,7,804.3,0,1.08564,30,8.81275,0,0,0,5,0,0,0,0,0,0,0,0,2,2,-2,379,9,0,0,0
126,3,4,80,52,3,10,1,2797,0,1,1,0.0250489,16,5,2,6,1229.6,1,1.1236,49,5.70128,0.04,0,0,5,16,5,0,0,0,26,17,3,14,17,0,902,19,0,0,0
127,0,4,80,52,0,5,0,1728,0,0,0,0,9,3,0,7,994.35,1,0.942994,86,13.0277,0,0,0,5,0,0,0,0,0,0,0,0,4,4,-4,492,17,0,0,0
127,1,4,80,52,1,10,0,1545,0,0,0,0,4,1,0,6,780.149,0,0.525063,55,4.8,0,0,0,6,0,0,0,0,0,0,0,0,0,0,0,572,11,0,0,0
127,2,4,80,52,2,5,0,1335,0,0,0,0,8,2,0,7,814.8,0,1.09012,30,8.81275,0,0,0,5,0,0,0,0,0,0,0,0,2,2,-2,369,9,0,0,0
127,3,4,80,52,3,10,1,2853,0,1,1,0.00098508,15,5,2,6,1247.45,1,1.11993,49,5.75213,0.04,0,0,5,15,5,0,0,0,25,16,3,14,17,-1,920,19,0,0,0
128,0,4,80,52,0,5,0,1820,0,0,0,0,9,3,0,7,1005.9,1,0.94558,86,13.0277,0,0,0,5,0,0,0,0,0,0,0,0,4,4,-4,502,17,0,0,0
128,1,4,80,52,1,10,0,1557,0,0,0,0,4,1,0,6,786.449,0,0.52373,55,4.8,0,0,0,6,0,0,0,0,0,0,0,0,0,0,0,576,11,0,0,0
128,2,4,80,52,2,5,0,1316,0,0,0,0,8,2,0,7,825.3,0,1.1496,30,10.8128,0,0,0,5,0,0,0,0,0,0,0,0,2,2,-2,375,9,0,0,0
128,3,4,80,52,3,10,1,2950,0,1,1,-0.00913064,15,5,2,6,1265.3,1,1.12136,49,5.75213,0.04,0,0,5,15,5,0,0,0,25,16,3,14,17,-1,941,19,0,0,0
129,0,4,80,52,0,5,0,1886,0,0,0,0,9,3,1,7,1017.45,1,1.03025,86,13.0277,0,0,0,5,0,0,0,0,0,0,0,2,4,6,-6,523,17,0,0,0
129,1,4,80,52,1,10,0,1569,0,0,0,0,4,1,0,6,792.749,0,0.509957,55,4.8,0,0,0,6,0,0,0,0,0,0,0,0,0,0,0,579,11,0,0,0
129,2,4,80,52,2,5,0,1338,0,0,0,0,8,2,0,7,835.8,0,1.13421,30,10.8128,0,0,0,5,0,0,0,0,0,0,0,0,2,2,-2,366,9,0,0,0
129,3,4,80,52,3,10,1,3042,0,1,1,-0.0106769,16,5,2,6,1284.2,1,1.05728,49,5.70128,0.04,0,0,5,16,5,0,0,0,26,17,3,14,17,0,951,19,0,0,0
130,0,4,80,52,0,5,0,1810,0,0,0,0,8,3,1,7,1027.95,1,1.02214,86,13.1124,0,0,0,5,0,0,0,0,0,0,0,2,4,6,-6,528,17,0,0,0
130,1,4,80,52,1,10,0,1577,0,0,0,0,4,1,0,6,799.049,0,0.511711,55,4.8,0,0,0,6,0,0,0,0,0,0,0,0,0,0,0,583,11,0,0,0
130,2,4,80,52,2,5,0,1338,0,0,0,0,8,2,0,7,846.3,0,1.13816,30,10.8128,0,0,0,5,0,0,0,0,0,0,0,0,2,2,-2,372,9,0,0,0
130,3,4,80,52,3,10,1,3222,0,1,1,-0.016035,16,5,2,6,1303.1,1,1.06309,49,5.50128,0.04,0,0,5,16,5,0,0,0,26,17,3,14,17,0,968,19,0,0,0
131,0,4,80,52,0,5,0,1841,0,0,0,0,9,3,1,7,1039.5,1,1.01936,86,13.0277,0,0,0,5,0,0,0,0,0,0,0,2,4,6,-6,534,17,0,0,0
131,1,4,80,52,1,10,0,1589,0,0,0,0,4,1,0,6,805.349,0,0.505926,55,4.8,0,0,0,6,0,0,0,0,0,0,0,0,0,0,0,586,11,0,0,0
131,2,4,80,52,2,5,0,1377,0,0,0,0,8,2,0,7,856.8,0,1.12912,30,10.8128,0,0,0,5,0,0,0,0,0,0,0,0,2,2,-2,377,9,0,0,0
131,3,4,80,52,3,10,1,3294,0,1,1,-0.0101541,17,5,2,6,1323.05,1,1.0658,49,5.55042,0.04,0,0,5,17,5,0,0,0,27,18,3,14,17,1,986,19,0,0,0
132,0,4,80,52,0,5,0,1920,0,0,0,0,9,3,1,7,1051.05,1,1.02763,86,13.0277,0,0,0,5,0,0,0,0,0,0,0,2,4,6,-6,563,17,0,0.5,0.3
132,1,4,80,52,1,10,0,1597,0,0,0,0,4,1,0,6,811.649,0,0.507767,55,4.8,0,0,0,6,0,0,0,0,0,0,0,0,0,0,0,583,11,0,0,0
132,2,4,80,52,2,5,0,1419,0,0,0,0,7,2,0,7,866.25,0,1.12793,30,10.9399,0,0,0,5,0,0,0,0,0,0,0,0,2,2,-2,382,8,0,0,0
132,3,4,80,52,3,10,1,3265,0,1,1,-0.000574769,17,5,2,6,1343,1,1.06763,49,5.55042,0.04,0,0,5,17,5,0,0,0,27,18,3,14,17,1,992,19,0,0,0
133,0,4,80,52,0,5,0,1925,0,0,0,0,9,3,1,7,1062.6,1,1.0356,86,13.0277,0,0,0,5,0,0,0,0,0,0,0,2,4,6,-6,561,17,0,0.5,0.3
133,1,4,80,52,1,10,0,1592,0,0,0,0,4,1,0,6,817.949,0,0.573833,55,6.8,0,0,0,6,0,0,0,0,0,0,0,0,0,0,0,587,11,0,0,0
133,2,4,80,52,2,5,0,1376,0,0,0,0,7,2,0,7,875.7,0,1.13203,30,10.9399,0,0,0,5,0,0,0,0,0,0,0,0,2,2,-2,386,8,0,0,0
133,3,4,80,52,3,10,1,3133,0,1,1,0.0165282,16,5,2,6,1361.9,1,1.06022,49,5.60128,0.04,0,0,5,16,5,0,0,0,26,17,3,14,17,0,1036,18,0,0,0
134,0,4,80,52,0,5,0,2007,0,0,0,0,9,3,1,7,1074.15,1,1.02452,86,13.0277,0,0,0,5,0,0,0,0,0,0,0,2,4,6,-6,577,17,0,0.5,0.3
134,1,4,80,52,1,10,0,1637,0,0,0,0,4,1,0,6,824.249,0,0.577202,55,6.8,0,0,0,6,0,0,0,0,0,0,0,0,0,0,0,591,11,0,0,0
134,2,4,80,52,2,5,0,1474,0,0,0,0,7,2,0,7,885.15,0,0.888487,30,10.9399,0,0,0,5,0,0,0,0,0,0,0,0,2,2,-2,388,8,0,0,0
134,3,4,80,52,3,10,1,3480,0,1,1,-0.0190196,16,5,2,6,1380.8,1,1.31148,49,5.60128,0.04,0,0,5,16,5,0,0,0,26,17,3,14,17,0,1092,18,0,0.5,0.3
135,0,4,80,52,0,5,0,2098,0,0,0,0.08,10,3,1,7,1086.75,1,1.03119,86,12.9429,0,0,0,5,0,0,0,0,0,0,0,2,4,6,-6,584,18,0,0.5,0.3
135,1,4,80,52,1,10,0,1598,0,0,0,0,4,1,0,6,830.549,0,0.572167,55,6.8,0,0,0,6,0,0,0,0,0,0,0,0,0,0,0,594,11,0,0,0
135,2,4,80,52,2,5,0,1459,0,0,0,0,7,2,0,7,894.6,0,1.12194,30,10.9399,0,0,0,5,0,0,0,0,0,0,0,0,2,2,-2,390,8,0,0,0
135,3,4,80,52,3,10,1,3470,0,1,1,0.0189337,16,5,2,6,1399.7,1,1.06625,49,5.60128,0.04,0,0,5,16,5,0,0,0,26,17,3,14,17,0,1111,18,0,0.5,0.3
136,0,4,80,52,0,5,0,2165,0,0,0,0,10,3,1,7,1099.35,1,1.02396,86,12.9429,0,0,0,5,0,0,0,0,0,0,0,2,4,6,-6,591,18,0,0.5,0.3
136,1,4,80,52,1,10,0,1708,0,0,0,0,4,1,0,6,836.849,0,0.570686,55,6.8,0,0,0,6,0,0,0,0,0,0,0,0,0,0,0,598,11,0,0,0
136,2,4,80,52,2,5,0,1545,0,0,0,0,7,2,0,7,904.05,0,0.935926,30,10.9399,0,0,0,5,0,0,0,0,0,0,0,0,2,2,-2,392,8,0,0,0
136,3,4,80,52,3,10,1,3623,0,1,1,0.0140974,17,5,2,6,1419.65,1,1.25203,49,5.55042,0.04,0,0,5,17,5,0,0,0,27,18,3,14,17,1,1156,16,0,1,0.6
137,0,4,80,52,0,5,0,2083,0,0,0,0,10,3,1,7,1111.95,1,1.02771,86,12.9429,0,0,0,5,0,0,0,0,0,0,0,2,4,6,-6,590,18,0,0,0
137,1,4,80,52,1,10,0,1672,0,0,0,0,4,1,0,6,843.149,0,0.57327,55,6.8,0,0,0,6,0,0,0,0,0,0,0,0,0,0,0,601,11,0,0,0
137,2,4,80,52,2,5,0,1477,0,0,0,0,8,2,0,7,914.55,0,1.1284,30,10.8128,0,0,0,5,0,0,0,0,0,0,0,0,2,2,-2,403,9,0,0,0
137,3,4,80,52,3,10,1,3722,0,1,1,-0.106021,16,5,2,6,1434.95,1,1.0359,49,5.60128,0.04,0,0,5,16,5,0,0,0,26,17,3,14,17,0,1165,16,0,1,0.6
138,0,4,80,52,0,5,0,2104,0,0,0,0,10,3,2,7,1124.55,1,1.06959,86,12.9429,0,0,0,5,0,0,0,0,0,0,0,4,4,8,-8,598,18,0,0,0
138,1,4,80,52,1,10,0,1662,0,0,0,0,4,1,0,6,849.449,0,0.561627,55,6.8,0,0,0,6,0,0,0,0,0,0,0,0,0,0,0,605,11,0,0,0
138,2,4,80,52,2,5,0,1518,0,0,0,0,8,2,0,7,925.05,0,1.11665,30,10.8128,0,0,0,5,0,0,0,0,0,0,0,0,2,2,-2,408,9,0,0,0
138,3,4,80,52,3,10,1,3891,0,1,1,-0.00570587,16,5,2,6,1453.85,1,1.03241,49,5.60128,0.04,0,0,5,16,5,0,0,0,26,17,3,14,17,0,1184,16,0,1,0.6
139,0,4,80,52,0,5,0,2152,0,0,0,0,9,3,2,7,1136.1,1,1.06946,86,13.0277,0,0,0,5,0,0,0,0,0,0,0,4,4,8,-8,616,18,0,0,0
139,1,4,80,52,1,10,0,1656,0,0,0,0,4,1,0,6,855.749,0,0.562595,55,6.8,0,0,0,6,0,0,0,0,0,0,0,0,0,0,0,605,11,0,0,0
139,2,4,80,52,2,5,0,1593,0,0,0,0,8,2,0,7,935.55,0,1.12254,30,10.8128,0,0,0,5,0,0,0,0,0,0,0,0,2,2,-2,413,9,0,0,0
139,3,4,80,52,3,10,1,3910,0,1,1,0.0257943,16,5,2,6,1472.75,1,1.03563,49,5.60128,0.04,0,0,5,16,5,0,0,0,26,17,3,14,17,0,1212,16,0,1,0.6
140,0,4,80,52,0,5,0,2249,0,0,0,0,9,3,2,7,1147.65,1,1.06796,86,13.0277,0,0,0,5,0,0,0,0,0,0,0,4,4,8,-8,623,18,0,0,0
140,1,4,80,52,1,10,0,1664,0,0,0,0,4,1,0,6,862.049,0,0.559617,55,6.8,0,0,0,6,0,0,0,0,0,0,0,0,0,0,0,609,11,0,0,0
140,2,4,80,52,2,5,0,1612,0,0,0,0,8,2,0,7,946.05,0,1.11885,30,10.8128,0,0,0,5,0,0,0,0,0,0,0,0,2,2,-2,418,9,0,0,0
140,3,4,80,52,3,10,1,3965,0,1,1,0.0307621,17,5,2,6,1491.75,1,1.03487,49,5.55042,0.04,0,0,5,17,5,0,1,0,28,18,3,14,17,1,1232,17,0,1,0.6
141,0,4,80,52,0,5,0,2260,0,0,0,0,9,3,2,7,1159.2,1,1.0666,86,13.0277,0,0,0,5,0,0,0,0,0,0,0,4,4,8,-8,628,18,0,0,0
141,1,4,80,52,1,10,0,1688,0,0,0,0,4,1,0,6,868.349,0,0.559752,55,6.8,0,0,0,6,0,0,0,0,0,0,0,0,0,0,0,613,11,0,0,0
141,2,4,80,52,2,5,0,1612,0,0,0,0,8,2,0,7,956.55,0,1.11411,30,10.8128,0,0,0,5,0,0,0,0,0,0,0,0,2,2,-2,423,9,0,0,0
141,3,4,80,52,3,10,1,4005,0,1,1,0.0376248,17,5,2,6,1510.75,1,1.04084,49,5.55042,0.04,0,0,5,17,5,0,1,0,28,18,3,14,17,1,1226,17,0,1,0.6
142,0,4,80,52,0,5,0,2208,0,0,0,0,9,3,2,7,1170.75,1,1.06782,86,13.0277,0,0,0,5,0,0,0,0,0,0,0,4,4,8,-8,595,18,0,0.5,0.3
142,1,4,80,52,1,10,0,1688,0,0,0,0,4,1,0,6,874.649,0,0.561932,55,6.8,0,0,0,6,0,0,0,0,0,0,0,0,0,0,0,573,11,0,0,0
142,2,4,80,52,2,5,0,1588,0,0,0,0,8,2,0,7,967.05,0,1.11955,30,10.8128,0,0,0,5,0,0,0,0,0,0,0,0,2,2,-2,428,9,0,0,0
142,3,4,80,52,3,10,1,3920,0,1,1,0.0610693,17,5,2,6,1528.8,1,1.01698,49,5.55042,0.04,0,0,5,17,5,0,1,0,28,18,3,14,17,1,1273,17,0,0.5,0.3
143,0,4,80,52,0,5,0,2171,0,0,0,0,8,3,2,7,1181.25,1,1.05309,86,13.1124,0,0,0,5,0,0,0,0,0,0,0,4,4,8,-8,601,17,0,0.5,0.3
143,1,4,80,52,1,10,0,1615,0,0,0,0,4,1,0,7,880.949,0,0.567809,55,6.8,0,0,0,6,0,0,0,0,0,0,0,0,0,0,0,549,11,0,0,0
143,2,4,80,52,2,5,0,1707,0,0,0,0,8,2,0,7,977.55,0,1.12009,30,10.8128,0,0,0,5,0,0,0,0,0,0,0,0,2,2,-2,433,9,0,0,0
143,3,4,80,52,3,10,1,4242,0,1,1,0.0139785,17,5,2,6,1548.75,1,1.05028,49,5.55042,0.04,0,0,5,17,5,0,1,0,28,18,3,14,17,1,1295,17,0,0.5,0.3
144,0,4,80,52,0,5,0,2163,0,0,0,0,9,3,2,7,1192.8,1,1.06183,86,13.0277,0,0,0,5,0,0,0,0,0,0,0,4,4,8,-8,615,17,0,0.5,0.3
144,1,4,80,52,1,10,0,1595,0,0,0,0,4,1,0,7,887.249,0,0.567424,55,6.8,0,0,0,6,0,0,0,0,0,0,0,0,0,0,0,532,11,0,0,0
144,2,4,80,52,2,5,0,1688,0,0,0,0,8,2,0,7,988.05,0,1.11978,30,10.8128,0,0,0,5,0,0,0,0,0,0,0,0,2,2,-2,438,9,0,0,0
144,3,4,80,52,3,10,1,4225,0,1,1,0.0253839,16,5,2,6,1567.65,1,1.04121,49,5.60128,0.04,0,0,5,16,5,0,1,0,27,18,3,14,17,1,1319,19,0,0,0
145,0,4,80,52,0,5,0,2491,0,0,0,0.11,9,3,2,7,1204.35,1,1.0926,86,14.0277,0,0,0,5,0,0,0,0,0,0,0,4,4,8,-8,621,17,0,0.5,0.3
145,1,4,80,52,1,10,0,1708,7,1,0,0,4,1,0,7,893.549,0,0.593835,55,6.8,0,0,0,6,4,0,0,0,0,9,6,0,0,0,6,535,11,0,0,0
145,2,4,80,52,2,5,0,1781,0,0,0,0,7,2,0,7,997.5,0,1.07639,30,10.9399,0,0,0,5,0,0,0,0,0,0,0,0,2,2,-2,443,8,0,0,0
145,3,4,80,52,3,10,1,5031,0,1,1,-0.0130031,17,5,2,6,1587.6,1,1.06057,49,5.55042,0.04,0,0,5,17,5,0,1,0,28,18,3,14,17,1,1336,21,0,0,0
146,0,4,80,52,0,5,0,2359,0,0,0,0,9,3,2,7,1215.9,1,1.0966,86,14.0277,0,0,0,5,0,0,0,0,0,0,0,4,4,8,-8,621,17,0,0.5,0.3
146,1,4,80,52,1,10,0,1705,14,1,1,-0.0114731,4,1,0,7,899.849,0,0.619834,55,6.8,0,0,0,6,4,0,0,0,0,9,6,0,0,0,6,539,11,0,0,0
146,2,4,80,52,2,5,0,1738,0,0,0,0,7,2,0,7,1006.95,0,1.06115,30,10.9399,0,0,0,5,0,0,0,0,0,0,0,0,2,2,-2,447,8,0,0,0
146,3,4,80,52,3,10,1,4590,0,1,1,0.0600532,17,5,2,6,1605.65,1,1.02988,49,5.55042,0.04,0,0,5,17,5,0,1,0,28,18,3,14,17,1,1353,21,0,0,0
147,0,4,80,52,0,5,0,2184,0,0,0,0,9,3,2,7,1227.45,1,1.12485,86,15.0277,0,0,0,5,0,0,0,0,0,0,0,4,4,8,-8,623,17,0,0,0.6
147,1,4,80,52,1,10,0,1652,21,1,1,-0.00411639,4,1,0,7,906.149,0,0.639458,55,6.8,0,0,0,6,4,0,0,0,0,9,6,0,0,0,6,542,11,0,0,0
147,2,4,80,52,2,5,0,1690,0,0,0,0,7,2,0,7,1016.4,0,1.04474,30,10.9399,0,0,0,5,0,0,0,0,0,0,0,0,2,2,-2,470,8,0,0,0
147,3,4,80,52,3,10,1,4261,0,1,1,0.0699909,17,5,2,6,1623.7,1,1.02946,49,5.55042,0.04,0,0,5,17,5,0,1,0,28,18,3,14,17,1,1367,21,0,0,0
148,0,4,80,52,0,5,0,2120,0,0,0,0,10,3,2,7,1240.05,1,1.12384,86,14.9429,0,0,0,5,0,0,0,0,0,0,0,4,4,8,-8,629,18,0,0,0.6
148,1,4,80,52,1,10,0,1642,28,1,1,-0.00769478,4,1,0,7,912.449,0,0.651963,55,6.8,0,0,0,6,4,0,0,0,0,9,6,0,0,0,6,546,11,0,0,0
148,2,4,80,52,2,5,0,1729,0,0,0,0,7,2,0,7,1025.85,0,1.02518,30,10.9399,0,0,0,5,0,0,0,0,0,0,0,0,2,2,-2,474,8,0,0,0
148,3,4,80,52,3,10,1,4273,0,1,1,0.0539055,17,5,2,6,1641.75,1,1.02694,49,5.55042,0.04,0,0,5,17,5,0,1,0,28,18,3,14,17,1,1387,21,0,0,0
149,0,4,80,52,0,5,0,2300,0,0,0,0,11,4,2,7,1253.7,1,1.16006,86,15.1072,0,0,0,5,0,0,0,0,0,0,0,4,6,10,-10,647,24,0,0,0.6
149,1,4,80,52,1,10,0,1679,35,1,1,-0.0141972,4,1,0,7,918.749,0,0.615169,55,6.8,0,0,0,6,4,0,0,0,0,9,6,0,0,0,6,550,11,0,0,0
149,2,4,80,52,2,5,0,1831,0,0,0,0,7,2,0,7,1035.3,0,0.88346,30,10.9399,0,0,0,5,0,0,0,0,0,0,0,0,2,2,-2,478,8,0,0,0
149,3,4,80,52,3,10,1,4888,0,1,2,0.255544,15,5,2,6,1657.05,1,1.18463,49,5.65213,0.04,0,0,5,15,5,0,0,0,25,16,3,14,17,-1,1373,20,0,0.5,0.3
150,0,4,80,52,0,5,0,2406,0,0,0,0,11,4,2,7,1267.35,1,1.15665,110,15.1072,0,0,0,5,0,0,0,0,0,0,0,4,6,10,-10,655,24,0,0,0.6
150,1,4,80,52,1,10,0,1667,42,1,1,-0.00749862,4,1,0,7,925.049,0,0.673999,66,6.8,0,0,0,6,4,0,0,0,0,9,6,0,0,0,6,553,11,0,0,0
150,2,4,80,52,2,5,0,1831,0,0,0,0,8,2,0,7,1045.8,0,1.00144,41,10.8128,0,0,0,5,0,0,0,0,0,0,0,0,2,2,-2,482,9,0,0,0
150,3,4,80,52,3,10,1,4616,-5,1,2,0.217598,15,5,2,6,1672.35,1,0.987815,61,5.25213,0.02,0,0,4,15,5,0,0,0,25,16,3,14,17,-1,1387,20,0,0.5,0.3
151,0,4,80,52,0,5,0,2415,0,0,0,0,12,4,2,7,1282.05,1,1.15741,110,15.0243,0,0,0,5,0,0,0,0,0,0,0,4,6,10,-10,655,24,0,0,0.6
151,1,4,80,52,1,10,0,1694,49,1,1,-0.0106853,4,1,0,7,931.349,0,0.633169,66,6.8,0,0,0,6,4,0,0,0,0,9,6,0,0,0,6,557,11,0,0,0
151,2,4,80,52,2,5,0,1869,0,0,0,0,8,2,0,7,1056.3,0,0.890939,41,10.8128,0,0,0,5,0,0,0,0,0,0,0,0,2,2,-2,487,9,0,0,0
151,3,4,80,52,3,10,1,4731,-11,1,2,0.171874,15,5,2,6,1687.65,1,1.12201,61,5.05213,0.02,0,0,4,15,5,0,0,0,25,16,3,14,17,-1,1361,20,0,1,0.6
152,0,4,80,52,0,5,0,2308,0,0,0,0,11,4,2,7,1295.7,1,1.12001,110,15.0879,0,0,0,5,0,0,0,0,0,0,0,4,6,10,-10,605,24,0,0.5,0.9
152,1,4,80,52,1,10,0,1707,56,1,1,-0.0086071,4,1,0,7,937.649,0,0.693982,66,6.8,0,0,0,6,4,0,0,0,0,9,6,0,0,0,6,561,11,0,0,0
152,2,4,80,52,2,5,0,1854,0,0,0,0,8,2,1,7,1066.8,0,1.03982,41,10.8128,0,0,0,5,0,0,0,0,0,0,0,2,2,4,-4,492,9,0,0,0
152,3,4,80,52,3,10,1,4658,-19,1,2,0.198458,15,5,2,6,1702.95,1,0.959258,61,5.05213,0.02,0,0,4,15,5,0,0,0,25,16,3,14,17,-1,1356,20,0,1,0.6
153,0,4,80,52,0,5,0,2216,0,0,0,0,11,4,1,7,1309.35,1,1.06543,110,15.0879,0,0,0,5,0,0,0,0,0,0,0,2,6,8,-8,622,24,0,0.5,0.9
153,1,4,80,52,1,10,0,1700,63,1,1,-0.00427244,4,1,0,7,943.949,0,0.704729,66,6.8,0,0,0,6,4,0,0,0,0,9,6,0,0,0,6,579,11,0,0,0
153,2,4,80,52,2,5,0,1818,0,0,0,0,8,2,1,7,1077.3,0,1.04294,41,10.8128,0,0,0,5,0,0,0,0,0,0,0,2,2,4,-4,497,9,0,0,0
153,3,4,80,52,3,10,1,4999,-25,1,3,0.263045,15,5,2,6,1719.1,1,0.999134,61,5.05213,0.02,0,0,4,15,5,0,0,0,25,16,3,14,17,-1,1357,20,0,1,0.6
154,0,4,80,52,0,5,0,2388,0,0,0,0,11,4,1,7,1323,1,1.04374,110,15.0879,0,0,0,5,0,0,0,0,0,0,0,2,6,8,-8,632,24,0,0.5,0.9
154,1,4,80,52,1,10,0,1841,70,1,1,-0.0198556,4,1,1,7,950.249,0,0.773101,66,6.8,0,0,0,6,4,0,0,0,0,9,6,2,0,2,4,583,11,0,0,0
154,2,4,80,52,2,5,0,1966,0,0,0,0,8,2,1,7,1087.8,0,1.01384,41,10.8128,0,0,0,5,0,0,0,0,0,0,0,2,2,4,-4,502,9,0,0,0
154,3,4,80,52,3,10,1,5091,-33,1,3,0.204509,16,5,2,6,1736.2,1,0.972898,61,5.00128,0.02,0,0,4,16,5,0,0,0,26,17,3,14,17,0,1351,21,0,1,0.6
155,0,4,80,52,0,5,0,2393,0,0,0,0,12,4,1,7,1337.7,1,1.05416,110,15.0243,0,0,0,5,0,0,0,0,0,0,0,2,6,8,-8,640,25,0,0.5,0.9
155,1,4,80,52,1,10,0,1766,75,1,1,0.00521857,4,1,1,7,956.549,0,0.77784,66,6.8,0,0,0,6,4,0,0,0,0,9,6,2,0,2,4,586,11,0,0,0
155,2,4,80,52,2,5,0,1934,0,0,0,0,8,2,1,7,1098.3,0,1.00813,41,10.8128,0,0,0,5,0,0,0,0,0,0,0,2,2,4,-4,507,9,0,0,0
155,3,4,80,52,3,10,1,4881,-42,1,3,0.192078,15,5,2,6,1752.35,1,0.96329,61,5.05213,0.02,0,0,4,15,5,0,0,0,25,16,3,14,17,-1,1364,21,0,1,0.6
156,0,4,80,52,0,5,0,2440,0,0,0,0,11,4,1,7,1351.35,1,1.05214,110,15.0879,0,0,0,5,0,0,0,0,0,0,0,2,6,8,-8,648,24,0,0.5,0.9
156,1,4,80,52,1,10,0,1768,80,1,1,-0.000342696,4,1,1,7,962.849,0,0.785609,66,6.8,0,0,0,6,4,0,0,0,0,9,6,2,0,2,4,602,11,0,0,0
156,2,4,80,52,2,5,0,1958,0,0,0,0,8,2,1,7,1108.8,0,1.00723,41,10.8128,0,0,0,5,0,0,0,0,0,0,0,2,2,4,-4,512,9,0,0,0
156,3,4,80,52,3,10,1,4954,-54,1,3,0.182744,15,5,2,6,1768.5,1,0.967986,61,5.05213,0.02,0,0,4,15,5,0,0,0,25,16,3,14,17,-1,1375,21,0,1,0.6
157,0,4,80,52,0,5,0,2426,0,0,0,0,13,4,1,7,1367.1,1,1.05108,110,15.0243,0,0,0,5,0,0,0,0,0,0,0,2,6,8,-8,652,22,0,0,0
157,1,4,80,52,1,10,0,1862,112,1,1,-0.0140717,4,1,1,7,969.149,0,0.80928,66,6.8,0,0,0,6,4,0,0,0,0,9,6,2,0,2,4,606,11,0,0,0
157,2,4,80,52,2,5,0,1942,0,0,0,0,8,2,1,7,1119.3,0,0.962349,41,10.8128,0,0,0,5,0,0,0,0,0,0,0,2,2,4,-4,530,9,0,0,0
157,3,4,80,52,3,10,1,5036,-66,1,3,0.175636,16,5,2,6,1785.6,1,0.964253,61,5.00128,0.02,0,0,4,16,5,0,0,0,26,17,3,14,17,0,1385,19,0,0.5,0.3
158,0,4,80,52,0,5,0,2451,0,0,0,0,13,4,1,7,1382.85,1,1.06081,110,14.9771,0,0,0,5,0,0,0,0,0,0,0,2,6,8,-8,660,22,0,0,0
158,1,4,80,52,1,10,0,1969,117,1,1,-0.0168473,4,1,1,7,975.449,0,0.794573,66,6.8,0,0,0,6,4,0,0,0,0,9,6,2,0,2,4,597,11,0,0,0
158,2,4,80,52,2,5,0,2034,0,0,0,0,7,2,2,7,1128.75,0,0.990436,41,10.9399,0,0,0,5,0,0,0,0,0,0,0,4,2,6,-6,535,8,0,0,0
158,3,4,80,52,3,10,1,5223,-77,1,3,0.170164,16,5,2,6,1802.7,1,0.950894,61,5.00128,0.02,0,0,4,16,5,0,0,0,26,17,3,14,17,0,1366,19,0,0.5,0.3
159,0,4,80,52,0,5,0,2477,0,0,0,0,13,4,1,7,1398.6,1,1.05568,110,14.9771,0,0,0,5,0,0,0,0,0,0,0,2,7,9,-9,671,22,0,0,0
159,1,4,80,52,1,10,0,1940,122,1,1,-0.0014384,4,1,1,7,981.749,0,0.795132,66,6.8,0,0,0,6,4,0,0,0,0,9,6,2,0,2,4,534,11,0,0,0
159,2,4,80,52,2,5,0,2063,0,0,0,0,7,2,2,7,1138.2,0,0.984458,41,10.9399,0,0,0,5,0,0,0,0,0,0,0,4,2,6,-6,539,8,0,0,0
159,3,4,80,52,3,10,1,5104,-88,1,3,0.165917,17,5,2,6,1820.75,1,0.95279,61,4.95042,0.02,0,0,4,17,5,0,1,0,28,18,3,14,17,1,1413,20,0,0,0
160,0,4,80,52,0,5,0,2588,0,0,0,0,13,4,1,7,1414.35,1,1.05598,110,15.1021,0,0,0,5,0,0,0,0,0,0,0,2,7,9,-9,679,22,0,0,0
160,1,4,80,52,1,10,0,1721,127,1,1,0.0440212,4,1,1,7,987.749,0,0.785775,66,6.8,0,0,0,6,4,0,0,0,0,9,6,2,0,2,4,533,11,0,0,0
160,2,4,80,52,2,5,0,2141,0,0,0,0,7,2,2,7,1147.65,0,0.979127,41,10.9399,0,0,0,5,0,0,0,0,0,0,0,4,2,6,-6,543,8,0,0,0
160,3,4,80,52,3,10,1,5313,-98,1,3,0.1626,18,5,2,6,1839.75,1,0.961729,61,4.89957,0.02,0,0,4,18,5,0,1,0,29,19,3,14,17,2,1299,20,0,0,0
161,0,4,80,52,0,5,0,2522,0,0,0,0,14,4,1,7,1431.15,1,1.0606,110,15.0386,0,0,0,5,0,0,0,0,0,0,0,2,7,9,-9,683,23,0,0,0
161,1,4,80,52,1,10,0,1720,132,1,1,0.0185922,4,1,1,7,994.049,0,0.792277,66,6.8,0,0,0,6,4,0,0,0,0,9,6,2,0,2,4,555,11,0,0,0
161,2,4,80,52,2,5,0,2037,0,0,0,0,7,2,2,7,1157.1,0,0.972641,41,10.9399,0,0,0,5,0,0,0,0,0,0,0,4,2,6,-6,547,8,0,0,0
161,3,4,80,52,3,10,1,4743,-107,1,3,0.159996,18,5,2,6,1858.75,1,0.948849,61,4.89957,0.02,0,0,4,18,5,0,1,0,29,19,3,14,17,2,1311,20,0,0,0
162,0,4,80,52,0,5,0,2708,0,0,0,0,14,4,1,7,1447.95,1,1.04661,110,15.0386,0,0,0,5,0,0,0,0,0,0,0,2,7,9,-9,687,23,0,0.5,0.3
162,1,4,80,52,1,10,0,1956,164,1,1,-0.0210568,4,1,1,7,1000.35,0,0.80908,66,6.8,0,0,0,6,4,0,0,0,0,9,6,2,0,2,4,559,11,0,0,0
162,2,4,80,52,2,5,0,2149,0,0,0,0,7,2,2,7,1166.55,0,0.947111,41,10.9399,0,0,0,5,0,0,0,0,0,0,0,4,2,6,-6,551,8,0,0,0
162,3,4,80,52,3,10,1,5491,-116,1,3,0.00758579,18,5,2,6,1881.75,1,0.987081,61,4.89957,0.02,0,0,4,18,5,0,1,0,29,19,3,14,17,2,1322,20,0,0,0
163,0,4,80,52,0,5,0,2667,0,0,0,0,14,4,1,7,1464.75,1,1.05048,110,15.0386,0,0,0,5,0,0,0,0,0,0,0,2,7,9,-9,703,23,0,0.5,0.3
163,1,4,80,52,1,10,0,1969,169,1,1,-0.0078084,4,1,1,7,1006.65,0,0.81058,66,6.8,0,0,0,6,4,0,0,0,0,9,6,2,0,2,4,548,11,0,0,0
163,2,4,80,52,2,5,0,2162,0,0,0,0,8,2,2,8,1177.05,0,0.967643,41,10.8128,0,0,0,5,0,0,0,0,0,0,0,4,2,6,-6,555,9,0,0,0
163,3,4,80,52,3,10,1,5448,-124,1,3,0.5,17,5,2,6,1899.8,1,0.935581,61,4.70042,0.02,0,0,4,17,5,0,1,0,28,20,3,14,17,3,1308,19,0,0,0
164,0,4,80,52,0,5,0,2615,0,0,0,0,14,4,1,7,1481.55,1,1.03703,110,15.0386,0,0,0,5,0,0,0,0,0,0,0,2,7,9,-9,709,23,0,0.5,0.3
164,1,4,80,52,1,10,0,1839,174,1,1,0.0257932,4,1,1,7,1012.95,0,0.821871,66,6.8,0,0,0,6,4,0,0,0,0,9,6,2,0,2,4,552,11,0,0,0
164,2,4,80,52,2,5,0,2109,0,0,0,0,8,2,2,8,1187.55,0,0.972688,41,10.8128,0,0,0,5,0,0,0,0,0,0,0,4,2,6,-6,560,9,0,0,0
164,3,4,80,52,3,10,1,5024,-133,1,3,0.155036,17,5,2,6,1917.85,1,0.936026,61,4.80042,0.02,0,0,4,17,5,0,1,0,28,19,3,14,17,2,1349,19,0,0,0
165,0,4,80,52,0,5,0,2794,0,0,0,0,12,4,1,7,1496.25,1,1.04226,110,15.1657,0,0,0,5,0,0,0,0,0,0,0,2,7,9,-9,704,22,0,0.5,0.3
165,1,4,80,52,1,10,0,1775,179,1,1,0.0269446,4,1,1,7,1019.25,0,0.816388,66,6.8,0,0,0,6,4,0,0,0,0,9,6,2,0,2,4,553,11,0,0,0
165,2,4,80,52,2,5,0,2204,0,0,0,0,8,2,2,8,1198.05,0,0.996759,41,10.8128,0,0,0,5,0,0,0,0,0,0,0,4,2,6,-6,563,9,0,0,0
165,3,4,80,52,3,10,1,5130,-143,1,3,0.154015,16,5,2,6,1934.95,1,0.942237,61,4.95128,0.02,0,0,4,16,5,0,1,0,27,18,3,14,17,1,1359,21,0,0,0
166,0,4,80,52,0,5,0,2685,0,0,0,0,12,4,1,7,1510.95,1,1.04132,110,15.1657,0,0,0,5,0,0,0,0,0,0,0,2,7,9,-9,712,22,0,0.5,0.3
166,1,4,80,52,1,10,0,1783,184,1,1,0.00803045,4,1,1,7,1025.55,0,0.820804,66,6.8,0,0,0,6,4,0,0,0,0,9,6,2,0,2,4,575,11,0,0,0
166,2,4,80,52,2,5,0,2128,0,0,0,0,8,2,2,8,1208.55,0,0.994003,41,10.8128,0,0,0,5,0,0,0,0,0,0,0,4,2,6,-6,566,9,0,0,0
166,3,4,80,52,3,10,1,4959,-154,1,3,0.153204,16,5,2,6,1952.05,1,0.943084,61,5.00128,0.02,0,0,4,16,5,0,1,0,27,18,3,14,17,1,1327,21,0,0.5,0.3
167,0,4,80,52,0,5,0,2914,0,0,0,0,12,4,1,7,1525.65,1,1.04686,110,15.1657,0,0,0,5,0,0,0,0,0,0,0,2,7,9,-9,736,22,0,0,0
167,1,4,80,52,1,10,0,2000,189,1,1,-0.0206175,4,1,1,7,1031.85,0,0.827779,66,6.8,0,0,0,6,4,0,0,0,0,9,6,2,0,2,4,579,11,0,0,0
167,2,4,80,52,2,5,0,2291,0,0,0,0,8,2,2,8,1219.05,0,0.995368,41,10.8128,0,0,0,5,0,0,0,0,0,0,0,4,2,6,-6,587,9,0,0,0
167,3,4,80,52,3,10,1,5312,-165,1,3,0.125588,15,5,2,6,1968.2,1,0.938434,61,5.05213,0.02,0,0,4,15,5,0,0,0,25,16,3,14,17,-1,1318,20,0,0.5,0.3
168,0,4,80,52,0,5,0,3012,0,0,0,0,12,4,1,7,1540.35,1,1.04968,110,15.1657,0,0,0,5,0,0,0,0,0,0,0,2,8,10,-10,742,22,0,0,0
168,1,4,80,52,1,10,0,1955,194,1,1,0.000454273,4,1,1,7,1038.15,0,0.828377,66,6.8,0,0,0,6,4,0,0,0,0,9,6,2,0,2,4,517,11,0,0,0
168,2,4,80,52,2,5,0,2297,0,0,0,0,8,2,2,8,1229.55,0,0.993138,41,10.8128,0,0,0,5,0,0,0,0,0,0,0,4,2,6,-6,592,9,0,0,0
168,3,4,80,52,3,10,1,5290,-177,1,3,0.152043,15,5,2,6,1984.35,1,0.937351,61,5.05213,0.02,0,0,4,15,5,0,0,0,25,16,3,14,17,-1,1333,21,0,0.5,0.3
169,0,4,80,52,0,5,0,2964,8,0,0,0,12,4,1,7,1555.05,1,1.05677,110,15.1657,0,0,0,5,12,4,0,0,0,21,14,2,4,6,8,749,21,0,0,0
169,1,4,80,52,1,10,0,1759,199,1,1,0.0448674,4,1,1,7,1044.15,0,0.816977,66,6.8,0,0,0,6,4,0,0,0,0,9,6,2,0,2,4,526,11,0,0,0
169,2,4,80,52,2,5,0,2252,0,0,0,0,8,2,2,8,1240.05,0,0.986435,41,10.8128,0,0,0,5,0,0,0,0,0,0,0,4,2,6,-6,597,9,0,0,0
169,3,4,80,52,3,10,1,5056,-189,1,3,0.151632,15,5,2,6,2002.4,1,0.951436,61,5.15213,0.02,0,0,4,15,5,0,0,0,25,16,3,14,17,-1,1341,21,0,0.5,0.3
170,0,4,80,52,0,5,0,2989,17,1,1,-0.0141014,13,4,1,7,1570.8,1,1.07024,110,15.1021,0,0,0,5,13,4,0,0,0,22,14,2,4,6,8,709,21,0,0,0
170,1,4,80,52,1,10,0,1726,204,1,1,0.0285265,4,1,1,7,1050.45,0,0.804841,66,6.8,0,0,0,6,4,0,0,0,0,9,6,2,0,2,4,520,11,0,0,0
170,2,4,80,52,2,5,0,2284,0,0,0,0,8,2,2,8,1250.55,0,0.983526,41,10.8128,0,0,0,5,0,0,0,0,0,0,0,4,2,6,-6,602,9,0,0,0
170,3,4,80,52,3,10,1,4934,-201,1,3,0.151304,15,5,2,6,2020.45,1,0.94379,61,5.15213,0.02,0,0,4,15,5,0,0,0,25,16,3,14,17,-1,1330,21,0,0.5,0.3
171,0,4,80,52,0,5,0,2827,27,2,1,0.212989,13,4,1,7,1583.55,1,1.05712,110,15.1021,0,0,0,5,13,4,0,0,0,22,14,2,4,6,8,716,21,0,0,0
171,1,4,80,52,1,10,0,1707,209,1,1,0.0164704,4,1,1,7,1056.75,0,0.807479,66,6.8,0,0,0,6,4,0,0,0,0,9,6,2,0,2,4,536,11,0,0,0
171,2,4,80,52,2,5,0,2319,0,0,0,0,7,2,2,8,1260,0,0.98291,41,10.9399,0,0,0,5,0,0,0,0,0,0,0,4,2,6,-6,607,8,0,0,0
171,3,4,80,52,3,10,1,4800,-213,1,3,0.151042,15,5,2,6,2038.5,1,0.957592,61,5.15213,0.02,0,0,4,15,5,0,0,0,25,16,3,14,17,-1,1356,21,0,0.5,0.3
172,0,4,80,52,0,5,0,3092,37,2,1,0.182586,13,4,1,7,1596.3,1,1.15359,110,15.1021,0,0,0,5,13,4,0,0,0,22,14,2,4,6,8,798,21,0,0.5,0.3
172,1,4,80,52,1,10,0,1765,214,1,1,-0.0049729,4,1,1,7,1063.05,0,0.751165,66,6.8,0,0,0,6,4,0,0,0,0,9,6,2,0,2,4,540,11,0,0,0
172,2,4,80,52,2,5,0,2344,0,0,0,0,7,2,2,8,1269.45,0,0.946245,41,10.9399,0,0,0,5,0,0,0,0,0,0,0,4,2,6,-6,611,8,0,0,0
172,3,4,80,52,3,10,1,4837,-225,1,3,0.150833,15,5,2,6,2056.55,1,0.953951,61,5.15213,0.02,0,0,4,15,5,0,0,0,25,16,3,14,17,-1,1310,21,0,0.5,0.3
173,0,4,80,52,0,5,0,3607,47,2,2,0.5,13,4,1,7,1609.8,1,1.08656,110,15.1021,0,0,0,5,13,4,0,0,0,22,14,2,4,6,8,806,21,0,0.5,0.3
173,1,4,80,52,1,10,0,1877,219,1,1,-0.0156396,4,1,1,7,1069.35,0,0.796354,66,6.8,0,0,0,6,4,0,0,0,0,9,6,2,0,2,4,531,11,0,0,0
173,2,4,80,52,2,5,0,2387,0,0,0,0,7,2,2,8,1278.9,0,0.962078,41,10.9399,0,0,0,5,0,0,0,0,0,0,0,4,2,6,-6,615,8,0,0,0
173,3,4,80,52,3,10,1,4966,-208,1,3,0.150666,16,5,2,6,2075.55,1,0.950527,61,5.10128,0.02,0,0,4,16,5,0,0,0,26,17,3,14,17,0,1330,22,0,0.5,0.3
174,0,4,80,52,0,5,0,3581,56,2,2,0.359876,13,4,1,7,1623.3,1,1.08443,110,15.1021,0,0,0,5,13,5,0,0,0,23,15,2,4,6,9,812,21,0,0.5,0.3
174,1,4,80,52,1,10,0,1866,251,1,1,-0.00286135,4,1,1,7,1075.65,0,0.815549,66,6.8,0,0,0,6,4,0,0,0,0,9,6,2,0,2,4,535,11,0,0,0
174,2,4,80,52,2,5,0,2346,0,0,0,0,7,2,2,8,1288.35,0,0.940755,41,10.9399,0,0,0,5,0,0,0,0,0,0,0,4,2,6,-6,619,8,0,0,0
174,3,4,80,52,3,10,1,5152,-219,1,3,0.150533,16,5,2,6,2094.55,1,0.954544,61,5.10128,0.02,0,0,4,16,5,0,0,0,26,17,3,14,17,0,1340,22,0,0,0
175,0,4,80,52,0,5,0,3588,63,2,2,0.298526,14,4,1,7,1637.7,1,1.10101,110,14.5386,0,0,0,4,14,5,0,0,0,24,16,2,4,6,10,816,22,0,0.5,0.3
175,1,4,80,52,1,10,0,1757,256,1,1,0.134964,4,1,1,7,1081.95,0,0.788772,66,6.8,0,0,0,6,4,0,0,0,0,9,6,2,0,2,4,539,11,0,0,0
175,2,4,80,52,2,5,0,2343,0,0,0,0,7,2,2,8,1297.8,0,0.935481,41,10.9399,0,0,0,5,0,0,0,0,0,0,0,4,2,6,-6,554,8,0,0,0
175,3,4,80,52,3,10,1,4828,-201,1,3,0.150426,16,5,2,6,2113.55,1,0.945866,61,5.10128,0.02,0,0,4,16,5,0,0,0,26,17,3,14,17,0,1398,22,0,0.5,0.3
176,0,4,80,52,0,5,0,3535,70,2,2,0.287945,14,4,1,7,1652.1,1,1.09412,110,14.5386,0,0,0,4,14,5,0,0,0,24,16,2,4,6,10,710,22,0,0.5,0.3
176,1,4,80,52,1,10,0,1710,261,1,1,0.0449722,4,1,1,7,1087.95,0,0.807662,66,6.8,0,0,0,6,4,0,0,0,0,9,6,2,0,2,4,556,11,0,0,0
176,2,4,80,52,2,5,0,2156,0,0,0,0,8,2,1,8,1308.3,0,0.954375,41,12.8128,0,0,0,5,0,0,0,0,0,0,0,2,2,4,-4,558,9,0,0,0
176,3,4,80,52,3,10,1,4804,-212,1,3,0.150341,16,5,2,6,2132.55,1,0.962751,61,5.10128,0.02,0,0,4,16,5,0,0,0,26,17,3,14,17,0,1402,22,0,0.5,0.3
177,0,4,80,52,0,5,0,3336,78,2,2,-0.191864,14,4,1,8,1666.5,1,1.16006,110,14.5386,0,0,0,4,14,5,0,0,0,24,16,2,4,6,10,724,22,0,0,0
177,1,4,80,52,1,10,0,1805,266,1,1,-0.00307172,4,1,1,7,1094.25,0,0.765666,66,6.8,0,0,0,6,4,0,0,0,0,9,6,2,0,2,4,560,11,0,0,0
177,2,4,80,52,2,5,0,2163,0,0,0,0,8,2,1,8,1318.8,0,0.929773,41,12.8128,0,0,0,5,0,0,0,0,0,0,0,2,2,4,-4,560,9,0,0,0
177,3,4,80,52,3,10,1,4986,-223,1,3,0.150273,16,5,2,6,2151.55,1,0.963624,61,5.10128,0.02,0,0,4,16,5,0,1,0,27,18,3,14,17,1,1412,22,0,0.5,0.3
178,0,4,80,52,0,5,0,3303,86,2,2,-0.00402167,13,4,1,8,1683,1,1.11069,110,14.6021,0,0,0,4,13,5,0,0,0,23,15,2,4,6,9,733,22,0,0,0
178,1,4,80,52,1,10,0,1895,271,1,1,-0.0108368,4,1,1,7,1100.55,0,0.851152,66,6.8,0,0,0,6,4,0,0,0,0,9,6,2,0,2,4,549,11,0,0,0
178,2,4,80,52,2,5,0,2268,0,0,0,0,9,2,1,8,1330.35,0,0.936842,41,12.8128,0,0,0,5,0,0,0,0,0,0,0,2,2,4,-4,565,7,0,0,0
178,3,4,80,52,3,10,1,5272,-205,1,3,0.139586,14,5,2,6,2168.65,1,0.947239,61,5.10128,0.02,0,0,4,14,5,0,1,0,25,16,3,14,17,-1,1330,26,0,0.5,0.3
179,0,4,80,52,0,5,0,3358,92,2,2,0.096033,12,4,1,8,1697,1,1.11343,110,14.6657,0,0,0,4,12,5,0,0,0,22,14,2,4,6,8,735,22,0,0,0
179,1,4,80,52,1,10,0,1847,276,1,1,0.0043384,4,1,1,8,1106.85,0,0.824418,66,6.8,0,0,0,6,4,0,0,0,0,9,6,2,0,2,4,553,11,0,0,0
179,2,4,80,52,2,5,0,2253,0,0,0,0,9,2,1,8,1341.9,0,0.961266,41,12.7274,0,0,0,5,0,0,0,0,0,0,0,2,2,4,-4,569,7,0,0,0
179,3,4,80,52,3,10,1,4827,-217,1,3,0.150174,14,5,2,6,2185.75,1,0.947135,61,5.1732,0.02,0,0,4,14,5,0,1,0,25,16,3,14,17,-1,1374,26,0,0.5,0.3
180,0,4,80,52,0,5,0,3409,99,2,2,0.232206,12,4,1,8,1709.6,1,1.1092,133,14.6657,0,0,0,4,12,5,0,0,0,22,14,2,4,6,8,742,22,0,0,0
180,1,4,80,52,1,10,0,1755,281,1,1,0.0243556,4,1,1,8,1113.15,0,0.814649,78,6.8,0,0,0,6,4,0,0,0,0,9,6,2,0,2,4,493,11,0,0,0
180,2,4,80,52,2,5,0,2226,0,0,0,0,9,2,1,8,1353.45,0,0.96058,50,12.7274,0,0,0,5,0,0,0,0,0,0,0,2,2,4,-4,573,7,0,0,0
180,3,4,80,52,3,10,1,4624,-229,1,3,0.15014,15,5,2,6,2203.8,1,0.952286,74,5.12234,0.02,0,0,4,15,5,0,1,0,26,17,3,14,17,0,1373,24,0,0.5,0.3
181,0,4,80,52,0,5,0,3531,105,2,2,0.238237,12,4,1,8,1722.2,1,1.15321,133,14.6657,0,0,0,4,12,5,0,0,0,22,14,2,4,6,8,754,22,0,0,0
181,1,4,80,52,1,10,0,1579,286,1,1,0.0449909,4,1,1,8,1119.15,0,0.78461,78,6.8,0,0,0,6,4,0,0,0,0,9,6,2,0,2,4,497,11,0,0,0
181,2,4,80,52,2,5,0,2276,0,0,0,0,9,2,1,8,1365,0,0.955305,50,12.7274,0,0,0,5,0,0,0,0,0,0,0,2,2,4,-4,588,7,0,0,0
181,3,4,80,52,3,10,1,4825,-211,1,3,0.150112,14,5,2,6,2220.9,1,0.952466,74,5.1732,0.02,0,0,4,14,5,0,1,0,25,16,3,14,17,-1,1385,23,0,0.5,0.3
182,0,4,80,52,0,5,0,3570,111,2,2,0.23743,12,4,1,8,1734.8,1,1.10968,133,14.6657,0,0,0,4,12,5,0,0,0,22,14,2,4,6,8,658,22,0,0,0
182,1,4,80,52,1,10,0,1641,291,1,1,0.00171279,4,1,1,8,1125.45,0,0.793417,78,6.8,0,0,0,6,4,0,0,0,0,9,6,2,0,2,4,496,11,0,0,0
182,2,4,80,52,2,5,0,2377,31,2,0,0,9,2,1,8,1376.55,0,0.977195,50,12.7274,0,0,0,5,9,0,0,0,0,14,9,2,1,3,6,592,7,0,0,0
182,3,4,80,52,3,10,1,4959,-223,1,3,0.150089,15,5,2,6,2238.95,1,0.956017,74,5.12234,0.02,0,0,4,15,5,0,1,0,26,17,3,14,17,0,1365,24,0,0.5,0.3
183,0,4,80,52,0,5,0,3082,116,2,2,-0.164706,14,4,1,8,1749.2,1,1.10275,133,14.5386,0,0,0,4,14,5,0,0,0,24,16,2,4,6,10,669,22,0,0,0
183,1,4,80,52,1,10,0,1664,323,1,1,-0.00353571,4,1,1,8,1131.75,0,0.789931,78,6.8,0,0,0,6,4,0,0,0,0,9,6,2,0,2,4,500,11,0,0,0
183,2,4,80,52,2,5,0,2533,36,2,1,-0.0244097,9,2,1,8,1388.1,0,0.973642,50,12.7274,0,0,0,5,9,0,0,0,0,14,9,2,1,3,6,595,7,0,0,0
183,3,4,80,52,3,10,1,4963,-205,1,3,0.150071,15,5,2,6,2257,1,0.951622,74,5.12234,0.02,0,0,4,15,9,0,1,0,30,20,3,15,18,2,1410,24,0,0,0
184,0,4,80,52,0,5,0,3147,122,2,2,-0.0345956,13,4,1,8,1764.95,1,1.12934,133,14.6021,0,0,0,4,13,5,0,0,0,23,15,2,4,6,9,677,21,0,0,0
184,1,4,80,52,1,10,0,1577,328,1,1,0.0217488,4,1,1,8,1138.05,0,0.800754,78,6.8,0,0,0,6,4,0,0,0,0,9,6,2,0,2,4,509,11,0,0,0
184,2,4,80,52,2,5,0,2441,41,2,1,-0.00642674,8,2,1,8,1398.6,0,0.966422,50,12.8545,0,0,0,5,8,0,0,0,0,13,8,2,1,3,5,598,6,0,0,0
184,3,4,80,52,3,10,1,4758,-216,1,3,0.150057,15,5,2,6,2275.05,1,0.951828,74,5.12234,0.02,0,0,4,15,9,0,1,0,30,20,3,15,18,2,1369,24,0,0,0
185,0,4,80,52,0,5,0,3309,127,2,2,0.0253862,13,4,1,8,1781.45,1,1.1462,133,14.6021,0,0,0,4,13,5,0,0,0,23,15,2,4,6,9,683,21,0,0,0
185,1,4,80,52,1,10,0,1640,333,1,1,-0.00511465,4,1,1,8,1144.35,0,0.795554,78,6.8,0,0,0,6,4,0,0,0,0,9,6,2,0,2,4,513,11,0,0,0
185,2,4,80,52,2,5,0,2437,45,2,1,-0.00954951,8,2,1,8,1409.1,0,0.972115,50,12.8545,0,0,0,5,8,0,0,0,0,13,8,2,1,3,5,600,6,0,0,0
185,3,4,80,52,3,10,1,4813,-227,1,3,0.150046,14,5,2,6,2292.15,1,0.944097,74,5.1732,0.02,0,0,4,14,9,0,0,0,28,18,3,15,18,0,1381,23,0,0,0
186,0,4,80,52,0,5,0,3180,134,2,2,0.189251,13,4,1,8,1794.95,1,1.11217,133,14.6021,0,0,0,4,13,6,0,0,0,24,16,2,4,6,10,686,21,0,0,0
186,1,4,80,52,1,10,0,1698,338,1,1,-0.0104253,4,1,1,8,1150.65,0,0.796149,78,6.8,0,0,0,6,4,0,0,0,0,9,6,2,0,2,4,441,11,0,0,0
186,2,4,80,52,2,5,0,2495,49,2,1,-0.0148508,8,2,1,8,1419.6,0,0.972983,50,12.8545,0,0,0,5,8,0,0,0,0,13,8,2,1,3,5,602,6,0,0,0
186,3,4,80,52,3,10,1,4890,-208,1,3,0.150037,15,5,2,6,2310.2,1,0.957704,74,5.12234,0.02,0,0,4,15,9,0,0,0,29,19,3,15,18,1,1363,24,0,0,0
187,0,4,80,52,0,5,0,3186,140,2,2,0.230884,13,4,1,8,1808.45,1,1.15038,133,14.6021,0,0,0,4,13,6,0,0,0,24,16,2,4,6,10,697,21,0,0,0
187,1,4,80,52,1,10,0,1579,343,1,1,0.5,4,1,1,8,1155.75,0,0.758115,78,6.8,0,0,0,6,4,0,0,0,0,9,6,2,0,2,4,451,11,0,0,0
187,2,4,80,52,2,5,0,2504,53,2,1,-0.0103929,8,2,1,8,1430.1,0,0.965734,50,12.8545,0,0,0,5,8,0,0,0,0,13,8,2,1,3,5,610,6,0,0,0
187,3,4,80,52,3,10,1,4756,-219,1,3,0.150029,15,5,2,6,2328.25,1,0.959957,74,5.12234,0.02,0,0,4,15,9,0,0,0,29,19,3,15,18,1,1407,24,0,0.5,0.3
188,0,4,80,52,0,5,0,3267,146,2,2,0.210715,13,4,1,8,1821.95,1,1.13601,133,14.6021,0,0,0,4,13,6,0,0,0,24,16,2,4,6,10,662,21,0,0,0
188,1,4,80,52,1,10,0,1543,348,1,1,0.0449981,4,1,1,8,1161.75,0,0.786796,78,6.8,0,0,0,6,4,0,0,0,0,9,6,2,0,2,4,455,11,0,0,0
188,2,4,80,52,2,5,0,2502,58,2,1,0.322289,8,2,1,8,1438.6,0,0.964374,50,12.8545,0,0,0,5,8,1,0,0,0,14,9,2,1,3,6,612,6,0,0,0
188,3,4,80,52,3,10,1,4747,-230,1,3,0.150023,14,5,2,6,2345.35,1,0.947512,74,4.9732,0.02,0,0,4,14,9,0,0,0,28,18,3,15,18,0,1408,24,0,0.5,0.3
189,0,4,80,52,0,5,0,3132,151,2,2,-0.2,14,4,1,8,1838.15,1,1.1297,133,14.5386,0,0,0,4,14,5,0,0,0,24,16,2,4,6,10,668,22,0,0,0
189,1,4,80,52,1,10,0,1600,353,1,1,0.00241609,4,1,1,8,1168.05,0,0.792095,78,6.8,0,0,0,6,4,0,0,0,0,9,6,2,0,2,4,459,11,0,0,0
189,2,4,80,52,2,5,0,2735,63,2,2,0.5,9,2,1,8,1448.5,0,0.961655,50,12.7274,0,0,0,5,9,1,0,0,0,15,9,2,1,3,6,614,7,0,0,0
189,3,4,80,52,3,10,1,4930,-211,1,3,0.150019,14,5,2,6,2362.45,1,0.929966,74,4.9732,0.02,0,0,4,14,9,0,0,0,28,18,3,15,18,0,1419,24,0,0.5,0.3
190,0,4,80,52,0,5,0,3096,156,2,2,-0.0123086,14,4,1,8,1857.95,1,1.15611,133,14.5386,0,0,0,4,14,5,0,0,0,24,16,2,4,6,10,672,22,0,0,0
190,1,4,80,52,1,10,0,1640,358,1,1,-0.0062404,4,1,1,8,1174.35,0,0.781254,78,6.8,0,0,0,6,4,0,0,0,0,9,6,2,0,2,4,462,11,0,0,0
190,2,4,80,52,2,5,0,2822,69,2,2,0.132642,9,2,1,8,1458.4,0,0.961798,50,12.7274,0,0,0,5,9,1,0,0,0,15,10,2,1,3,7,617,7,0,0,0
190,3,4,80,52,3,10,1,5082,-223,1,3,0.150015,14,5,2,6,2379.55,1,0.923101,74,4.9732,0.02,0,0,4,14,9,0,0,0,28,18,3,15,18,0,1320,24,0,0.5,0.3
191,0,4,80,52,0,5,0,3068,162,2,2,0.0677607,14,4,1,8,1875.95,1,1.08978,133,14.5386,0,0,0,4,14,5,0,0,0,24,16,2,4,6,10,684,22,0,0,0
191,1,4,80,52,1,10,0,1630,363,1,1,-4.34782e-05,4,1,1,8,1180.65,0,0.760071,78,6.8,0,0,0,6,4,0,0,0,0,9,6,2,0,2,4,466,11,0,0,0
191,2,4,80,52,2,5,0,2834,75,2,2,0.129742,9,2,1,8,1468.3,0,1.04506,50,12.7274,0,0,0,5,9,1,0,0,0,15,10,2,1,3,7,621,7,0,0,0
191,3,4,80,52,3,10,1,4683,-204,1,3,0.150012,14,5,2,6,2396.65,1,0.920179,74,5.02405,0.02,0,0,4,14,9,0,0,0,28,18,3,15,18,0,1366,21,0,0.5,0.3
192,0,4,80,52,0,5,0,3231,168,2,2,0.0906855,14,4,1,8,1893.95,1,1.16906,133,14.5386,0,0,0,4,14,6,0,0,0,25,16,2,4,6,10,693,22,0,0.5,0.3
192,1,4,80,52,1,10,0,1610,395,1,1,0.00366742,4,1,1,8,1186.95,0,0.773045,78,6.8,0,0,0,6,4,0,0,0,0,9,6,2,0,2,4,471,11,0,0,0
192,2,4,80,52,2,5,0,2791,82,2,2,0.124989,9,2,1,8,1478.2,0,0.956564,50,12.7274,0,0,0,5,9,1,0,1,0,16,10,2,1,3,7,626,7,0,0,0
192,3,4,80,52,3,10,1,4630,-216,1,3,0.15001,14,5,2,6,2413.75,1,0.91522,74,4.98628,0.02,0,0,4,14,9,0,0,0,28,18,3,15,18,0,1370,21,0,0.5,0.3
193,0,4,80,52,0,5,0,3370,175,2,2,0.150284,13,4,1,8,1909.25,1,1.16012,133,14.6021,0,0,0,4,13,6,0,0,0,24,16,2,4,6,10,701,22,0,0.5,0.3
193,1,4,80,52,1,10,0,1675,400,1,1,-0.00959731,4,1,1,8,1193.25,0,0.773324,78,6.8,0,0,0,6,4,0,0,0,0,9,6,2,0,2,4,475,11,0,0,0
193,2,4,80,52,2,5,0,2792,89,2,2,0.116553,9,2,1,8,1488.1,0,0.966163,50,12.7274,0,0,0,5,9,1,0,1,0,16,10,2,1,3,7,621,7,0,0,0
193,3,4,80,52,3,10,1,4876,-227,1,3,0.145324,14,5,2,6,2430.85,1,0.923915,74,4.98628,0.02,0,0,4,14,10,0,0,0,29,19,3,15,18,1,1388,21,0,1,0.6
194,0,4,80,52,0,5,0,3360,181,2,2,0.214104,13,4,2,8,1924.55,1,1.18517,133,14.6021,0,0,0,4,13,6,0,0,0,24,16,4,4,8,8,644,22,0,0.5,0.3
194,1,4,80,52,1,10,0,1716,405,1,1,-0.00900362,4,1,1,8,1199.55,0,0.784086,78,6.8,0,0,0,6,4,0,0,0,0,9,6,2,0,2,4,476,11,0,0,0
194,2,4,80,52,2,5,0,2904,96,2,2,0.464509,9,2,1,8,1498,0,0.96108,50,12.7274,0,0,0,5,9,1,0,1,0,16,10,2,1,3,7,626,7,0,0,0
194,3,4,80,52,3,10,1,5023,-207,1,3,0.150006,13,5,2,6,2447,1,0.90259,74,5.03713,0.02,0,0,4,13,10,0,0,0,28,18,3,15,18,0,1370,20,0,1,0.6
195,0,4,80,52,0,5,0,3026,185,2,2,-0.2,13,4,2,8,1939.85,1,1.16211,133,14.1021,0,0,0,4,13,5,0,0,0,23,15,4,4,8,7,655,22,0,0.5,0.3
195,1,4,80,52,1,10,0,1695,410,1,1,0.000969976,4,1,1,8,1205.85,0,0.775234,78,6.8,0,0,0,6,4,0,0,0,0,9,6,2,0,2,4,470,11,0,0,0
195,2,4,80,52,2,5,0,2939,102,2,2,-0.0179829,9,2,1,8,1510.1,0,0.991062,50,12.7274,0,0,0,5,9,1,0,1,0,16,10,2,1,3,7,631,7,0,0,0
195,3,4,80,52,3,10,1,4864,-219,1,3,0.150005,13,5,2,6,2463.15,1,0.897947,74,5.03713,0.02,0,0,4,13,10,0,0,0,28,18,3,15,18,0,1411,20,0,0.5,0.3
196,0,4,80,52,0,5,0,3161,188,2,2,-0.0153825,12,4,2,8,1957.45,1,1.18489,133,14.1657,0,0,0,4,12,5,0,0,0,22,14,4,4,8,6,661,22,0,0.5,0.3
196,1,4,80,52,1,10,0,1582,415,1,1,0.0304362,4,1,1,8,1211.85,0,0.769601,78,6.8,0,0,0,6,4,0,0,0,0,9,6,2,0,2,4,477,11,0,0,0
196,2,4,80,52,2,5,0,2880,108,2,2,0.0347187,9,2,1,8,1521.65,0,0.981834,50,12.7274,0,0,0,5,9,1,0,1,0,16,10,2,1,3,7,636,7,0,0,0
196,3,4,80,52,3,10,1,4764,-231,1,3,0.150004,14,5,2,6,2480.25,1,0.899264,74,4.98628,0.02,0,0,4,14,10,0,0,0,29,19,3,15,18,1,1333,21,0,0.5,0.3
197,0,4,80,52,0,5,0,3209,189,2,2,0.0514612,13,5,2,8,1974.45,1,1.15462,133,12.4526,0.02,0,0,4,13,5,0,0,0,23,15,4,5,9,6,662,26,0,0,0
197,1,4,80,52,1,10,0,1660,420,1,1,-0.0052869,4,1,1,8,1218.15,0,0.759755,78,6.8,0,0,0,6,4,0,0,0,0,9,6,2,0,2,4,481,11,0,0,0
197,2,4,80,52,2,5,0,2885,114,2,2,0.0255659,8,2,1,8,1532.65,0,0.973837,50,12.8545,0,0,0,5,8,1,0,1,0,15,10,2,1,3,7,641,6,0,0,0
197,3,4,80,52,3,10,1,4690,-211,1,3,0.150003,14,5,2,6,2497.35,1,0.890314,74,4.98628,0.02,0,0,4,14,10,0,0,0,29,19,3,15,18,1,1332,21,0,0.5,0.3
198,0,4,80,52,0,5,0,3233,190,2,2,0.164097,13,5,2,8,1989.75,1,1.1393,133,12.4526,0.02,0,0,4,13,6,0,0,0,24,16,4,5,9,7,647,26,0,0.5,0.3
198,1,4,80,52,1,10,0,1709,452,1,1,-0.00916965,4,1,1,8,1224.45,0,0.763196,78,6.8,0,0,0,6,4,0,0,0,0,9,6,2,0,2,4,478,11,0,0,0
198,2,4,80,52,2,5,0,2964,120,2,2,-0.13357,8,2,1,9,1541.65,0,0.967992,50,12.8545,0,0,0,5,8,1,0,1,0,15,10,2,1,3,7,645,6,0,0,0
198,3,4,80,52,3,10,1,4918,-222,1,3,0.150002,14,5,2,6,2514.45,1,0.899675,74,4.98628,0.02,0,0,4,14,10,0,0,0,29,19,3,15,18,1,1315,21,0,0.5,0.3
199,0,4,80,52,0,5,0,3256,190,2,2,0.065549,13,5,2,8,2006.75,1,1.15908,133,13.2526,0.02,0,0,4,13,5,0,0,0,23,15,4,5,9,6,658,26,0,0.5,0.3
199,1,4,80,52,1,10,0,1664,457,1,1,0.00514835,4,1,1,8,1230.75,0,0.768771,78,6.8,0,0,0,6,4,0,0,0,0,9,6,2,0,2,4,482,11,0,0,0
199,2,4,80,52,2,5,0,2964,125,2,2,-0.0287451,8,2,1,9,1552.65,0,0.974951,50,12.8545,0,0,0,5,8,1,0,1,0,15,10,2,1,3,7,652,6,0,0,0
199,3,4,80,52,3,10,1,4699,-202,1,3,0.150002,15,5,2,6,2532.5,1,0.890975,74,4.93542,0.02,0,0,4,15,10,0,0,0,30,20,3,15,18,2,1322,22,0,0.5,0.3
200,0,4,80,52,0,5,0,3244,190,2,2,0.141681,14,5,2,8,2022.95,1,1.14722,133,13.1863,0.02,0,0,4,14,6,0,0,0,25,16,4,5,9,7,617,27,0,0.5,0.3
200,1,4,80,52,1,10,0,1622,462,1,1,0.0118869,4,1,1,8,1237.05,0,0.770567,78,6.8,0,0,0,6,4,0,0,0,0,9,6,2,0,2,4,493,11,0,0,0
200,2,4,80,52,2,5,0,3001,132,2,2,0.5,8,2,1,9,1561.65,0,0.966451,50,12.8545,0,0,0,5,8,2,0,1,0,16,10,2,1,3,7,656,6,0,0,0
200,3,4,80,52,3,10,1,4430,-213,1,3,0.150002,15,5,2,6,2550.55,1,0.891646,74,4.93542,0.02,0,0,4,15,10,0,0,0,30,20,3,15,18,2,1358,22,0,0.5,0.3
